datetime,open,high,low,close,volume,hold,MA_10,MA_20,MA_30,MA_60,MA20_Slope
2025-01-03 10:15:00,5162.0,5167.0,5152.0,5159.0,15447,1082905,5159.0,5159.0,5159.0,5159.0,
2025-01-03 10:45:00,5163.0,5168.0,5155.0,5157.0,9599,1086705,5158.0,5158.0,5158.0,5158.0,-1.0
2025-01-03 11:00:00,5157.0,5157.0,5134.0,5136.0,64492,1090459,5150.67,5150.67,5150.67,5150.67,-7.33
2025-01-03 11:15:00,5136.0,5149.0,5136.0,5147.0,27332,1087362,5149.75,5149.75,5149.75,5149.75,-0.92
2025-01-03 11:30:00,5147.0,5153.0,5141.0,5144.0,17336,1087438,5148.6,5148.6,5148.6,5148.6,-1.15
2025-01-03 13:45:00,5145.0,5151.0,5142.0,5145.0,20489,1087521,5148.0,5148.0,5148.0,5148.0,-0.6
2025-01-03 14:00:00,5145.0,5163.0,5144.0,5158.0,27013,1082193,5149.43,5149.43,5149.43,5149.43,1.43
2025-01-03 14:15:00,5159.0,5159.0,5142.0,5145.0,16710,1081220,5148.88,5148.88,5148.88,5148.88,-0.55
2025-01-03 14:30:00,5139.0,5156.0,5136.0,5156.0,15570,1078321,5149.67,5149.67,5149.67,5149.67,0.79
2025-01-03 14:45:00,5156.0,5157.0,5144.0,5146.0,3576,1077272,5149.3,5149.3,5149.3,5149.3,-0.37
2025-01-03 15:00:00,5150.0,5151.0,5142.0,5145.0,8942,1070839,5147.9,5148.91,5148.91,5148.91,-0.39
2025-01-03 21:15:00,5150.0,5159.0,5143.0,5146.0,73936,1074946,5146.8,5148.67,5148.67,5148.67,-0.24
2025-01-03 21:30:00,5146.0,5161.0,5145.0,5159.0,44035,1073891,5149.1,5149.46,5149.46,5149.46,0.79
2025-01-03 21:45:00,5159.0,5159.0,5150.0,5154.0,23809,1073537,5149.8,5149.79,5149.79,5149.79,0.33
2025-01-03 22:00:00,5153.0,5164.0,5152.0,5160.0,26714,1073021,5151.4,5150.47,5150.47,5150.47,0.68
2025-01-03 22:15:00,5160.0,5164.0,5154.0,5156.0,20588,1074283,5152.5,5150.81,5150.81,5150.81,0.34
2025-01-03 22:30:00,5156.0,5164.0,5155.0,5163.0,16901,1072000,5153.0,5151.53,5151.53,5151.53,0.72
2025-01-03 22:45:00,5163.0,5171.0,5158.0,5169.0,244761,1065387,5155.4,5152.5,5152.5,5152.5,0.97
2025-01-03 23:00:00,5170.0,5171.0,5158.0,5161.0,24513,1062649,5155.9,5152.95,5152.95,5152.95,0.45
2025-01-06 09:15:00,5162.0,5167.0,5143.0,5162.0,61297,1069303,5157.5,5153.4,5153.4,5153.4,0.45
2025-01-06 09:30:00,5162.0,5168.0,5157.0,5161.0,30371,1071120,5159.1,5153.5,5153.76,5153.76,0.1
2025-01-06 09:45:00,5160.0,5173.0,5159.0,5161.0,41510,1070161,5160.6,5153.7,5154.09,5154.09,0.2
2025-01-06 10:00:00,5161.0,5168.0,5153.0,5154.0,29630,1070975,5160.1,5154.6,5154.09,5154.09,0.9
2025-01-06 10:15:00,5155.0,5178.0,5149.0,5174.0,56475,1066185,5162.1,5155.95,5154.92,5154.92,1.35
2025-01-06 10:45:00,5175.0,5175.0,5160.0,5162.0,23275,1066154,5162.3,5156.85,5155.2,5155.2,0.9
2025-01-06 11:00:00,5162.0,5171.0,5159.0,5169.0,19285,1065258,5163.6,5158.05,5155.73,5155.73,1.2
2025-01-06 11:15:00,5168.0,5175.0,5164.0,5165.0,24344,1062369,5163.8,5158.4,5156.07,5156.07,0.35
2025-01-06 11:30:00,5165.0,5169.0,5155.0,5155.0,26189,1062854,5162.4,5158.9,5156.04,5156.04,0.5
2025-01-06 13:45:00,5155.0,5159.0,5147.0,5153.0,696644,1064413,5161.6,5158.75,5155.93,5155.93,-0.15
2025-01-06 14:00:00,5153.0,5165.0,5153.0,5165.0,681685,1064292,5161.9,5159.7,5156.23,5156.23,0.95
2025-01-06 14:15:00,5165.0,5168.0,5156.0,5164.0,30152,1061829,5162.2,5160.65,5156.4,5156.48,0.95
2025-01-06 14:30:00,5163.0,5166.0,5155.0,5160.0,21594,1062170,5162.1,5161.35,5156.5,5156.59,0.7
2025-01-06 14:45:00,5159.0,5161.0,5152.0,5152.0,16814,1063894,5161.9,5161.0,5157.03,5156.45,-0.35
2025-01-06 15:00:00,5152.0,5156.0,5148.0,5150.0,33065,1062195,5159.5,5160.8,5157.13,5156.26,-0.2
2025-01-06 21:15:00,5160.0,5171.0,5159.0,5169.0,80893,1070619,5160.2,5161.25,5157.97,5156.63,0.45
2025-01-06 21:30:00,5169.0,5178.0,5168.0,5169.0,50691,1076543,5160.2,5161.9,5158.77,5156.97,0.65
2025-01-06 21:45:00,5169.0,5174.0,5167.0,5172.0,20445,1075509,5160.9,5162.35,5159.23,5157.38,0.45
2025-01-06 22:00:00,5172.0,5173.0,5166.0,5169.0,12928,1074880,5162.3,5162.35,5160.03,5157.68,0.0
2025-01-06 22:15:00,5169.0,5172.0,5162.0,5164.0,21124,1073615,5163.4,5162.5,5160.3,5157.85,0.15
2025-01-06 22:30:00,5164.0,5166.0,5153.0,5156.0,33671,1076307,5162.5,5162.2,5160.63,5157.8,-0.3
2025-01-06 22:45:00,5155.0,5155.0,5145.0,5149.0,29894,1080658,5161.0,5161.6,5160.77,5157.59,-0.6
2025-01-06 23:00:00,5149.0,5155.0,5149.0,5151.0,20821,1078372,5160.1,5161.1,5160.93,5157.43,-0.5
2025-01-07 09:15:00,5145.0,5168.0,5137.0,5163.0,53702,1073148,5161.2,5161.55,5161.07,5157.56,0.45
2025-01-07 09:30:00,5162.0,5167.0,5161.0,5161.0,22193,1071708,5162.3,5160.9,5161.3,5157.64,-0.65
2025-01-07 09:45:00,5161.0,5166.0,5156.0,5164.0,18577,1071465,5161.8,5161.0,5161.43,5157.78,0.1
2025-01-07 10:00:00,5164.0,5164.0,5149.0,5151.0,23842,1074221,5160.0,5160.1,5161.27,5157.63,-0.9
2025-01-07 10:15:00,5151.0,5159.0,5147.0,5151.0,19497,1076179,5157.9,5159.4,5160.87,5157.49,-0.7
2025-01-07 10:45:00,5152.0,5152.0,5118.0,5118.0,78403,1090152,5152.8,5157.55,5159.17,5156.67,-1.85
2025-01-07 11:00:00,5119.0,5127.0,5105.0,5106.0,69403,1093643,5147.0,5155.2,5157.33,5155.63,-2.35
2025-01-07 11:15:00,5105.0,5110.0,5087.0,5093.0,79732,1100345,5140.7,5151.6,5155.03,5154.38,-3.6
2025-01-07 11:30:00,5094.0,5097.0,5085.0,5096.0,42252,1101577,5135.4,5148.2,5152.87,5153.24,-3.4
2025-01-07 13:45:00,5098.0,5111.0,5098.0,5107.0,14620,1098260,5131.0,5145.55,5151.07,5152.35,-2.65
2025-01-07 14:00:00,5107.0,5110.0,5099.0,5101.0,10390,1097132,5124.8,5143.0,5149.3,5151.38,-2.55
2025-01-07 14:15:00,5100.0,5108.0,5095.0,5106.0,27727,1094774,5119.3,5140.8,5147.03,5150.54,-2.2
2025-01-07 14:30:00,5106.0,5107.0,5094.0,5103.0,26621,1095450,5113.2,5137.5,5145.07,5149.67,-3.3
2025-01-07 14:45:00,5103.0,5106.0,5096.0,5097.0,19456,1096629,5107.8,5133.9,5142.67,5148.73,-3.6
2025-01-07 15:00:00,5097.0,5100.0,5085.0,5087.0,48140,1096685,5101.4,5129.65,5140.07,5147.65,-4.25
2025-01-07 21:15:00,5089.0,5112.0,5071.0,5106.0,125950,1099425,5100.2,5126.5,5138.43,5146.93,-3.15
2025-01-07 21:30:00,5105.0,5108.0,5098.0,5101.0,32965,1101028,5099.7,5123.35,5136.7,5146.15,-3.15
2025-01-07 21:45:00,5101.0,5101.0,5084.0,5090.0,34869,1106219,5099.4,5120.05,5134.2,5145.22,-3.3
2025-01-07 22:00:00,5090.0,5095.0,5088.0,5091.0,19615,1107209,5098.9,5117.15,5131.77,5144.08,-2.9
2025-01-07 22:15:00,5091.0,5094.0,5086.0,5086.0,17389,1107721,,5086.0,5086.0,5086.0,
2025-01-07 22:30:00,5086.0,5098.0,5086.0,5093.0,23985,1106495,,5089.5,5089.5,5089.5,3.5
2025-01-07 22:45:00,5093.0,5094.0,5087.0,5087.0,14446,1106849,,5088.67,5088.67,5088.67,-0.83
2025-01-07 23:00:00,5087.0,5095.0,5087.0,5089.0,14967,1102443,,5088.75,5088.75,5088.75,0.08
2025-01-08 09:15:00,5091.0,5094.0,5081.0,5088.0,29476,1105239,,5088.6,5088.6,5088.6,-0.15
2025-01-08 09:30:00,5088.0,5089.0,5073.0,5074.0,31704,1109752,,5086.17,5086.17,5086.17,-2.43
2025-01-08 09:45:00,5074.0,5077.0,5067.0,5071.0,38871,1113161,,5084.0,5084.0,5084.0,-2.17
2025-01-08 10:00:00,5071.0,5072.0,5060.0,5065.0,40023,1117879,,5081.62,5081.62,5081.62,-2.38
2025-01-08 10:15:00,5065.0,5068.0,5056.0,5060.0,29321,1120023,,5079.22,5079.22,5079.22,-2.4
2025-01-08 10:45:00,5060.0,5062.0,5043.0,5045.0,60455,1130986,,5075.8,5075.8,5075.8,-3.42
2025-01-08 11:00:00,5045.0,5054.0,5045.0,5048.0,21269,1131850,,5073.27,5073.27,5073.27,-2.53
2025-01-08 11:15:00,5048.0,5054.0,5044.0,5050.0,25117,1132088,,5071.33,5071.33,5071.33,-1.94
2025-01-08 11:30:00,5049.0,5057.0,5047.0,5048.0,28341,1127498,,5069.54,5069.54,5069.54,-1.79
2025-01-08 13:45:00,5049.0,5063.0,5049.0,5061.0,654649,1127138,,5068.93,5068.93,5068.93,-0.61
2025-01-08 14:00:00,5060.0,5085.0,5058.0,5078.0,49658,1119299,,5069.53,5069.53,5069.53,0.6
2025-01-08 14:15:00,5078.0,5083.0,5070.0,5072.0,36048,1117747,,5069.69,5069.69,5069.69,0.16
2025-01-08 14:30:00,5073.0,5074.0,5060.0,5063.0,25380,1119369,,5069.29,5069.29,5069.29,-0.4
2025-01-08 14:45:00,5062.0,5065.0,5052.0,5059.0,27029,1117618,,5068.72,5068.72,5068.72,-0.57
2025-01-08 15:00:00,5059.0,5070.0,5056.0,5067.0,34003,1109730,,5068.63,5068.63,5068.63,-0.09
2025-01-08 21:15:00,5070.0,5074.0,5057.0,5067.0,63831,1115384,,5068.55,5068.55,5068.55,-0.08
2025-01-08 21:30:00,5068.0,5080.0,5067.0,5076.0,46780,1116010,,5068.05,5068.9,5068.9,-0.5
2025-01-08 21:45:00,5076.0,5079.0,5070.0,5075.0,25041,1115958,,5067.15,5069.18,5069.18,-0.9
2025-01-08 22:00:00,5075.0,5103.0,5075.0,5102.0,92388,1105115,,5067.9,5070.61,5070.61,0.75
2025-01-08 22:15:00,5101.0,5111.0,5099.0,5106.0,70155,1101280,,5068.75,5072.08,5072.08,0.85
2025-01-08 22:30:00,5106.0,5135.0,5106.0,5122.0,131596,1094391,,5070.45,5074.08,5074.08,1.7
2025-01-08 22:45:00,5122.0,5124.0,5115.0,5122.0,42935,1093185,,5072.85,5075.92,5075.92,2.4
2025-01-08 23:00:00,5122.0,5128.0,5116.0,5120.0,40383,1083393,,5075.3,5077.56,5077.56,2.45
2025-01-09 09:15:00,5116.0,5122.0,5107.0,5112.0,57089,1082396,,5077.65,5078.79,5078.79,2.35
2025-01-09 09:30:00,5112.0,5114.0,5106.0,5112.0,32696,1082539,,5080.25,5079.93,5079.93,2.6
2025-01-09 09:45:00,5112.0,5134.0,5111.0,5133.0,49839,1081397,,5084.65,5081.7,5081.7,4.4
2025-01-09 10:00:00,5133.0,5143.0,5123.0,5131.0,67837,1072047,,5088.8,5083.2,5083.29,4.15
2025-01-09 10:15:00,5131.0,5141.0,5126.0,5134.0,51291,1069368,,5093.0,5084.57,5084.88,4.2
2025-01-09 10:45:00,5134.0,5139.0,5118.0,5137.0,58791,1070580,,5097.45,5086.23,5086.45,4.45
2025-01-09 11:00:00,5138.0,5140.0,5130.0,5137.0,29905,1069274,,5101.25,5087.83,5087.94,3.8
2025-01-09 11:15:00,5137.0,5157.0,5137.0,5148.0,55767,1061963,,5104.75,5089.83,5089.66,3.5
2025-01-09 11:30:00,5148.0,5152.0,5140.0,5143.0,30321,1058690,,5108.3,5092.13,5091.14,3.55
2025-01-09 13:45:00,5144.0,5145.0,5133.0,5142.0,39966,1058305,,5112.25,5094.5,5092.51,3.95
2025-01-09 14:00:00,5141.0,5145.0,5136.0,5141.0,23923,1058802,,5116.35,5097.03,5093.79,4.1
2025-01-09 14:15:00,5140.0,5150.0,5133.0,5148.0,38180,1060923,,5120.4,5099.97,5095.18,4.05
2025-01-09 14:30:00,5149.0,5149.0,5140.0,5145.0,27180,1059011,,5124.3,5103.3,5096.42,3.9
2025-01-09 14:45:00,5146.0,5155.0,5145.0,5152.0,38574,1057628,,5128.1,5106.77,5097.78,3.8
2025-01-09 15:00:00,5152.0,5153.0,5141.0,5145.0,39823,1050325,,5131.6,5109.93,5098.9,3.5
2025-01-09 21:15:00,5150.0,5151.0,5120.0,5123.0,100147,1057608,,5132.65,5112.43,5099.47,1.05
2025-01-09 21:30:00,5122.0,5132.0,5120.0,5131.0,35423,1060105,,5133.9,5114.77,5100.18,1.25
2025-01-09 21:45:00,5130.0,5135.0,5114.0,5115.0,50875,1064321,,5133.55,5116.0,5100.51,-0.35
2025-01-09 22:00:00,5115.0,5118.0,5108.0,5110.0,45375,1068706,,5132.95,5117.27,5100.72,-0.6
2025-01-09 22:15:00,5109.0,5117.0,5105.0,5114.0,36368,1069796,,5132.65,5118.97,5101.0,-0.3
2025-01-09 22:30:00,5114.0,5126.0,5109.0,5125.0,34320,1067378,,5133.3,5121.17,5101.5,0.65
2025-01-09 22:45:00,5124.0,5132.0,5121.0,5131.0,31797,1066637,,5134.25,5123.3,5102.1,0.95
2025-01-09 23:00:00,5131.0,5132.0,5125.0,5130.0,24910,1062306,,5134.1,5125.4,5102.66,-0.15
2025-01-10 09:15:00,5133.0,5142.0,5129.0,5133.0,47038,1061266,,5134.2,5127.3,5103.25,0.1
2025-01-10 09:30:00,5133.0,5141.0,5130.0,5137.0,24610,1061601,,5134.35,5129.37,5103.9,0.15
2025-01-10 09:45:00,5137.0,5143.0,5129.0,5130.0,26836,1062022,,5134.0,5130.3,5104.4,-0.35
2025-01-10 10:00:00,5130.0,5140.0,5129.0,5130.0,22913,1062593,,5133.65,5131.1,5104.87,-0.35
2025-01-10 10:15:00,5129.0,5131.0,5117.0,5125.0,36793,1061905,,5132.5,5131.2,5105.24,-1.15
2025-01-10 10:45:00,5127.0,5138.0,5125.0,5128.0,28592,1063131,,5131.75,5131.4,5105.64,-0.75
2025-01-10 11:00:00,5129.0,5137.0,5128.0,5132.0,16944,1063869,,5131.25,5131.8,5106.11,-0.5
2025-01-10 11:15:00,5132.0,5133.0,5121.0,5124.0,21165,1065511,,5130.4,5132.2,5106.41,-0.85
2025-01-10 11:30:00,5124.0,5131.0,5121.0,5123.0,19774,1062605,,5129.15,5132.57,5106.69,-1.25
2025-01-10 13:45:00,5126.0,5131.0,5121.0,5130.0,23256,1060682,,5128.4,5132.47,5107.08,-0.75
2025-01-10 14:00:00,5128.0,5136.0,5128.0,5131.0,20816,1060541,,5127.35,5132.47,5107.83,-1.05
2025-01-10 14:15:00,5130.0,5146.0,5127.0,5142.0,33955,1058177,,5127.2,5132.73,5108.65,-0.15
2025-01-10 14:30:00,5143.0,5144.0,5130.0,5131.0,27976,1056241,,5127.6,5132.53,5109.38,0.4
2025-01-10 14:45:00,5130.0,5131.0,5122.0,5128.0,19584,1055744,,5127.45,5132.23,5110.03,-0.15
2025-01-10 15:00:00,5130.0,5139.0,5129.0,5130.0,15364,1048325,,5128.2,5131.63,5110.73,0.75
2025-01-10 21:15:00,5144.0,5175.0,5137.0,5153.0,111079,1047561,,5130.35,5131.97,5112.05,2.15
2025-01-10 21:30:00,5154.0,5162.0,5151.0,5161.0,40966,1042700,,5132.7,5132.6,5113.55,2.35
2025-01-10 21:45:00,5161.0,5162.0,5149.0,5154.0,29895,1042007,,5134.15,5133.03,5115.03,1.45
2025-01-10 22:00:00,5155.0,5165.0,5152.0,5161.0,25506,1041215,,5135.65,5133.47,5116.72,1.5
2025-01-10 22:15:00,5163.0,5178.0,5159.0,5176.0,40786,1037425,,5137.95,5134.5,5118.9,2.3
2025-01-10 22:30:00,5176.0,5206.0,5171.0,5205.0,112742,1025921,,5141.55,5136.27,5121.52,3.6
2025-01-10 22:45:00,5204.0,5210.0,5176.0,5180.0,79518,1022640,,5143.7,5137.43,5123.68,2.15
2025-01-10 23:00:00,5180.0,5192.0,5175.0,5189.0,38232,1014910,,5146.65,5139.63,5126.03,2.95
2025-01-13 09:15:00,5200.0,5209.0,5184.0,5207.0,56338,1009374,,5150.5,5142.17,5128.47,3.85
2025-01-13 09:30:00,5207.0,5207.0,5181.0,5186.0,9520,1006604,,5153.55,5144.53,5130.27,3.05
2025-01-13 09:45:00,5186.0,5204.0,5182.0,5203.0,3600,1003860,,5157.3,5147.63,5132.45,3.75
2025-01-13 10:00:00,5203.0,5214.0,5203.0,5206.0,2590,995074,,5161.0,5150.7,5134.83,3.7
2025-01-13 10:15:00,5212.0,5212.0,5196.0,5196.0,1958,996071,,5164.6,5153.07,5137.12,3.6
2025-01-13 10:45:00,5197.0,5210.0,5195.0,5209.0,9031,997005,,5168.9,5155.67,5139.48,4.3
2025-01-13 11:00:00,5210.0,5222.0,5207.0,5208.0,38542,995126,,5172.8,5158.27,5141.83,3.9
2025-01-13 11:15:00,5208.0,5217.0,5208.0,5215.0,19648,993849,,5177.0,5161.0,5144.15,4.2
2025-01-13 11:30:00,5218.0,5218.0,5193.0,5193.0,28445,991529,,5179.55,5162.87,5146.12,2.55
2025-01-13 13:45:00,5196.0,5198.0,5189.0,5197.0,27002,991438,,5182.85,5165.1,5147.7,3.3
2025-01-13 14:00:00,5197.0,5201.0,5188.0,5201.0,22743,988863,,5186.5,5167.47,5149.28,3.65
2025-01-13 14:15:00,5200.0,5207.0,5195.0,5200.0,25738,988175,,5190.0,5169.97,5150.58,3.5
2025-01-13 14:30:00,5200.0,5204.0,5191.0,5197.0,23994,988301,,5192.2,5172.27,5151.83,2.2
2025-01-13 14:45:00,5196.0,5213.0,5196.0,5212.0,32896,985036,,5194.75,5174.93,5153.37,2.55
2025-01-13 15:00:00,5211.0,5213.0,5205.0,5208.0,30205,980667,,5197.45,5177.73,5154.97,2.7
2025-01-13 21:15:00,5212.0,5235.0,5208.0,5220.0,95540,978839,,5200.4,5180.97,5156.77,2.95
2025-01-13 21:30:00,5220.0,5221.0,5196.0,5206.0,56274,980304,,5201.9,5183.5,5157.98,1.5
2025-01-13 21:45:00,5205.0,5214.0,5204.0,5213.0,30804,978348,,5202.3,5186.23,5159.35,0.4
2025-01-13 22:00:00,5213.0,5218.0,5209.0,5214.0,28916,976043,,5204.0,5188.63,5160.68,1.7
2025-01-13 22:15:00,5214.0,5218.0,5211.0,5212.0,21785,975039,,5205.15,5191.33,5161.93,1.15
2025-01-13 22:30:00,5212.0,5216.0,5206.0,5211.0,22501,973858,,5205.35,5194.1,5163.17,0.2
2025-01-13 22:45:00,5211.0,5217.0,5209.0,5212.0,17532,971487,,5206.65,5196.83,5164.23,1.3
2025-01-13 23:00:00,5212.0,5220.0,5209.0,5211.0,25733,966342,,5207.05,5198.77,5165.37,0.4
2025-01-14 09:15:00,5213.0,5226.0,5209.0,5224.0,36352,967723,,5207.95,5200.87,5166.73,0.9
2025-01-14 09:30:00,5224.0,5232.0,5223.0,5227.0,38387,969659,,5209.5,5203.3,5168.17,1.55
2025-01-14 09:45:00,5227.0,5237.0,5220.0,5235.0,38552,968050,,5210.8,5205.77,5169.62,1.3
2025-01-14 10:00:00,5235.0,5243.0,5234.0,5238.0,48191,964331,,5212.3,5207.83,5171.17,1.5
2025-01-14 10:15:00,5239.0,5240.0,5228.0,5234.0,28088,962674,,5213.25,5208.8,5172.53,0.95
2025-01-14 10:45:00,5237.0,5241.0,5234.0,5235.0,22515,963937,,5215.35,5210.63,5174.03,2.1
2025-01-14 11:00:00,5236.0,5250.0,5235.0,5247.0,33355,964655,,5217.85,5212.57,5176.1,2.5
2025-01-14 11:15:00,5247.0,5258.0,5242.0,5256.0,46047,964149,,5220.6,5214.2,5178.18,2.75
2025-01-14 11:30:00,5256.0,5261.0,5248.0,5251.0,43879,959965,,5223.15,5216.37,5180.45,2.55
2025-01-14 13:45:00,5251.0,5253.0,5238.0,5250.0,37104,961418,,5225.8,5217.93,5182.78,2.65
2025-01-14 14:00:00,5250.0,5251.0,5242.0,5246.0,16064,962809,,5227.5,5219.27,5184.98,1.7
2025-01-14 14:15:00,5245.0,5251.0,5243.0,5248.0,22909,962206,,5229.5,5221.0,5187.03,2.0
2025-01-14 14:30:00,5248.0,5253.0,5244.0,5244.0,27450,960569,,5230.7,5222.17,5188.92,1.2
2025-01-14 14:45:00,5244.0,5245.0,5230.0,5233.0,43674,957680,,5232.05,5223.0,5190.63,1.35
2025-01-14 15:00:00,5233.0,5242.0,5232.0,5237.0,34595,952730,,5233.25,5223.73,5192.37,1.2
2025-01-14 21:15:00,5233.0,5233.0,5211.0,5216.0,135506,964821,,5233.35,5224.5,5193.68,0.1
2025-01-14 21:30:00,5216.0,5222.0,5204.0,5211.0,56418,967516,,5233.3,5224.97,5195.03,-0.05
2025-01-14 21:45:00,5211.0,5220.0,5210.0,5211.0,33050,968762,,5233.3,5225.3,5196.38,0.0
2025-01-14 22:00:00,5212.0,5218.0,5211.0,5217.0,18902,969051,,5233.55,5225.87,5197.92,0.25
2025-01-14 22:15:00,5216.0,5217.0,5213.0,5213.0,16236,969502,,5233.65,5226.4,5199.33,0.1
2025-01-14 22:30:00,5213.0,5218.0,5211.0,5217.0,15810,968666,,5233.3,5226.57,5200.75,-0.35
2025-01-14 22:45:00,5216.0,5221.0,5216.0,5220.0,16107,968158,,5232.95,5226.97,5202.35,-0.35
2025-01-14 23:00:00,5220.0,5225.0,5216.0,5225.0,16074,963051,,5232.45,5227.13,5204.05,-0.5
2025-01-15 09:15:00,5225.0,5228.0,5212.0,5217.0,42903,961488,,5231.4,5227.5,5205.5,-1.05
2025-01-15 09:30:00,5217.0,5226.0,5217.0,5222.0,25567,962160,,5230.8,5227.8,5207.02,-0.6
2025-01-15 09:45:00,5222.0,5228.0,5221.0,5225.0,20199,961716,,5230.3,5228.17,5208.4,-0.5
2025-01-15 10:00:00,5225.0,5230.0,5220.0,5227.0,26992,962494,,5229.3,5228.67,5210.0,-1.0
2025-01-15 10:15:00,5228.0,5252.0,5226.0,5250.0,57930,961012,,5229.0,5229.97,5212.03,-0.3
2025-01-15 10:45:00,5253.0,5269.0,5250.0,5265.0,74042,954717,,5229.7,5231.73,5214.28,0.7
2025-01-15 11:00:00,5265.0,5275.0,5261.0,5263.0,45927,952795,,5230.35,5233.47,5216.12,0.65
2025-01-15 11:15:00,5265.0,5271.0,5260.0,5261.0,27506,951717,,5231.1,5234.7,5217.78,0.75
2025-01-15 11:30:00,5261.0,5274.0,5259.0,5260.0,27600,950277,,5231.7,5235.8,5219.55,0.6
2025-01-15 13:45:00,5259.0,5268.0,5253.0,5267.0,26006,949434,,5232.85,5236.87,5221.32,1.15
2025-01-15 14:00:00,5266.0,5277.0,5264.0,5271.0,40233,950464,,5234.75,5237.97,5222.9,1.9
2025-01-15 14:15:00,5271.0,5275.0,5267.0,5269.0,23261,950536,,5236.35,5239.13,5223.97,1.6
2025-01-15 14:30:00,5270.0,5270.0,5263.0,5268.0,25771,948685,,5238.95,5240.23,5225.43,2.6
2025-01-15 14:45:00,5268.0,5275.0,5266.0,5272.0,24373,945896,,5242.0,5241.07,5226.82,3.05
2025-01-15 15:00:00,5273.0,5281.0,5270.0,5276.0,48981,939112,,5245.25,5241.73,5227.97,3.25
2025-01-15 21:15:00,5275.0,5289.0,5257.0,5286.0,98971,945993,,5248.7,5242.9,5229.63,3.45
2025-01-15 21:30:00,5286.0,5295.0,5282.0,5283.0,69538,952377,,5252.2,5244.0,5230.97,3.5
2025-01-15 21:45:00,5283.0,5295.0,5283.0,5293.0,36635,951525,,5256.0,5245.57,5232.42,3.8
2025-01-15 22:00:00,5293.0,5293.0,5283.0,5288.0,24412,951569,,5259.4,5246.9,5233.95,3.4
2025-01-15 22:15:00,5288.0,5293.0,5268.0,5274.0,56361,951999,,5261.85,5247.9,5235.03,2.45
2025-01-15 22:30:00,5273.0,5278.0,5272.0,5274.0,24394,951249,,5264.7,5249.27,5236.13,2.85
2025-01-15 22:45:00,5274.0,5275.0,5261.0,5267.0,35759,950203,,5266.95,5250.27,5237.0,2.25
2025-01-15 23:00:00,5267.0,5275.0,5264.0,5274.0,22720,947276,,5269.4,5252.2,5238.35,2.45
2025-01-16 09:15:00,5279.0,5288.0,5264.0,5267.0,52410,951812,,5271.4,5254.07,5239.52,2.0
2025-01-16 09:30:00,5267.0,5271.0,5254.0,5266.0,46369,951786,,5272.2,5255.9,5240.6,0.8
2025-01-16 09:45:00,5265.0,5275.0,5265.0,5266.0,9787,952025,,5272.25,5257.53,5241.7,0.05
2025-01-16 10:00:00,5266.0,5267.0,5244.0,5252.0,16588,952202,,5271.7,5258.83,5242.62,-0.55
2025-01-16 10:15:00,5253.0,5261.0,5245.0,5249.0,6203,953332,,5271.1,5259.9,5243.23,-0.6
2025-01-16 10:45:00,5249.0,5269.0,5246.0,5264.0,28583,948161,,5271.3,5261.37,5244.17,0.2
2025-01-16 11:00:00,5264.0,5272.0,5261.0,5269.0,25230,946493,,5271.4,5262.83,5244.98,0.1
2025-01-16 11:15:00,5270.0,5284.0,5269.0,5279.0,34947,942757,,5271.8,5264.9,5246.2,0.4
2025-01-16 11:30:00,5279.0,5287.0,5276.0,5278.0,26310,939885,,5272.25,5266.77,5247.28,0.45
2025-01-16 13:45:00,5276.0,5280.0,5267.0,5272.0,12704,939530,,5272.45,5268.33,5248.25,0.2
2025-01-16 14:00:00,5272.0,5287.0,5271.0,5286.0,6225,936296,,5273.15,5270.3,5249.48,0.7
2025-01-16 14:15:00,5286.0,5313.0,5284.0,5310.0,18138,927393,,5274.85,5272.3,5251.13,1.7
2025-01-16 14:30:00,5313.0,5321.0,5304.0,5321.0,14768,925223,,5276.6,5274.17,5252.95,1.75
2025-01-16 14:45:00,5323.0,5326.0,5317.0,5322.0,15891,923871,,5278.55,5276.13,5254.8,1.95
2025-01-16 15:00:00,5323.0,5349.0,5320.0,5346.0,22192,913862,,5281.2,5278.97,5256.83,2.65
2025-01-16 21:15:00,5342.0,5342.0,5310.0,5320.0,126757,920232,,5282.8,5280.97,5258.38,1.6
2025-01-16 21:30:00,5320.0,5331.0,5318.0,5322.0,45976,918006,,5285.2,5282.8,5259.83,2.4
2025-01-16 21:45:00,5321.0,5329.0,5316.0,5329.0,32664,918325,,5287.95,5284.73,5261.35,2.75
2025-01-16 22:00:00,5329.0,5329.0,5313.0,5315.0,32123,922582,,5290.35,5286.27,5262.7,2.4
2025-01-16 22:15:00,5315.0,5318.0,5308.0,5313.0,34726,920969,,5292.3,5287.77,5264.0,1.95
2025-01-16 22:30:00,5313.0,5315.0,5306.0,5311.0,22310,921701,,5294.5,5289.07,5265.07,2.2
2025-01-16 22:45:00,5311.0,5317.0,5307.0,5310.0,19337,920577,,5296.7,5290.2,5265.97,2.2
2025-01-16 23:00:00,5311.0,5312.0,5303.0,5303.0,28210,917142,,5298.55,5290.77,5266.83,1.85
2025-01-17 09:15:00,5302.0,5311.0,5294.0,5308.0,53209,919711,,5301.35,5291.6,5267.8,2.8
2025-01-17 09:30:00,5308.0,5322.0,5308.0,5319.0,35269,917806,,5304.85,5292.47,5269.02,3.5
2025-01-17 09:45:00,5320.0,5327.0,5315.0,5320.0,30446,915404,,5307.65,5293.53,5270.22,2.8
2025-01-17 10:00:00,5321.0,5328.0,5320.0,5323.0,20117,915333,,5310.35,5295.17,5271.53,2.7
2025-01-17 10:15:00,5324.0,5330.0,5318.0,5327.0,11905,914638,,5312.75,5296.93,5273.1,2.4
2025-01-17 10:45:00,5327.0,5328.0,5309.0,5322.0,25288,916190,,5314.95,5298.77,5274.52,2.2
2025-01-17 11:00:00,5322.0,5325.0,5310.0,5318.0,27722,916998,,5317.25,5300.23,5276.22,2.3
2025-01-17 11:15:00,5319.0,5346.0,5318.0,5345.0,45461,909331,,5320.2,5302.83,5278.45,2.95
2025-01-17 11:30:00,5348.0,5355.0,5336.0,5355.0,25251,905611,,5322.45,5305.8,5280.85,2.25
2025-01-17 13:45:00,5356.0,5359.0,5338.0,5340.0,20456,903860,,5323.4,5308.27,5282.9,0.95
2025-01-17 14:00:00,5339.0,5340.0,5324.0,5328.0,6451,902226,,5323.7,5310.8,5284.82,0.3
2025-01-17 14:15:00,5333.0,5339.0,5332.0,5334.0,3037,901947,,5323.1,5313.63,5286.77,-0.6
2025-01-17 14:30:00,5336.0,5337.0,5318.0,5319.0,3909,904959,,5323.05,5315.47,5288.42,-0.05
2025-01-17 14:45:00,5320.0,5326.0,5318.0,5322.0,9273,905959,,5323.05,5317.23,5290.03,0.0
2025-01-17 15:00:00,5323.0,5331.0,5320.0,5326.0,22896,901656,,5322.9,5318.8,5291.85,-0.15
2025-01-17 21:15:00,5321.0,5330.0,5295.0,5300.0,103409,910667,,5322.15,5319.53,5293.15,-0.75
2025-01-17 21:30:00,5299.0,5300.0,5264.0,5270.0,137117,921474,,5320.0,5319.47,5293.9,-2.15
2025-01-17 21:45:00,5270.0,5282.0,5266.0,5269.0,61021,923518,,5317.9,5318.9,5294.6,-2.1
2025-01-17 22:00:00,5269.0,5278.0,5268.0,5271.0,28961,925708,,5315.95,5317.6,5294.95,-1.95
2025-01-17 22:15:00,5271.0,5292.0,5269.0,5288.0,50755,922299,,5315.2,5316.5,5295.33,-0.75
2025-01-17 22:30:00,5287.0,5288.0,5275.0,5278.0,33251,924250,,5313.7,5315.03,5295.58,-1.5
2025-01-17 22:45:00,5277.0,5286.0,5277.0,5280.0,21061,923934,,5311.75,5312.83,5295.9,-1.95
2025-01-17 23:00:00,5279.0,5291.0,5279.0,5290.0,28533,917148,,5310.25,5311.83,5296.4,-1.5
2025-01-20 09:15:00,5291.0,5295.0,5268.0,5278.0,47441,918187,,5308.0,5310.37,5296.58,-2.25
2025-01-20 09:30:00,5278.0,5280.0,5272.0,5276.0,23997,919600,,5305.45,5308.6,5296.67,-2.55
2025-01-20 09:45:00,5276.0,5283.0,5259.0,5262.0,12433,918872,,5302.45,5306.83,5296.55,-3.0
2025-01-20 10:00:00,5262.0,5265.0,5258.0,5265.0,7211,919421,,5299.8,5305.23,5296.5,-2.65
2025-01-20 10:15:00,5265.0,5269.0,5256.0,5257.0,7346,919453,,5295.4,5303.43,5296.25,-4.4
2025-01-20 10:45:00,5257.0,5257.0,5235.0,5237.0,24373,920640,,5289.5,5301.0,5295.6,-5.9
2025-01-20 11:00:00,5236.0,5267.0,5233.0,5263.0,35343,919165,,5285.65,5299.67,5295.22,-3.85
2025-01-20 11:15:00,5265.0,5265.0,5249.0,5253.0,26818,917942,,5281.9,5297.83,5294.72,-3.75
2025-01-20 11:30:00,5253.0,5269.0,5251.0,5268.0,26223,917055,,5278.6,5296.13,5294.3,-3.3
2025-01-20 13:45:00,5268.0,5270.0,5258.0,5264.0,24793,916090,,5275.85,5294.27,5293.9,-2.75
2025-01-20 14:00:00,5264.0,5280.0,5263.0,5279.0,36261,912728,,5273.7,5292.8,5293.98,-2.15
2025-01-20 14:15:00,5279.0,5280.0,5272.0,5278.0,22061,912519,,5271.3,5291.17,5294.05,-2.4
2025-01-20 14:30:00,5278.0,5283.0,5273.0,5273.0,26409,910435,,5269.95,5289.53,5294.15,-1.35
2025-01-20 14:45:00,5273.0,5280.0,5269.0,5274.0,32504,909651,,5270.15,5288.07,5294.15,0.2
2025-01-20 15:00:00,5273.0,5282.0,5273.0,5279.0,26718,903642,,5270.65,5285.87,5294.35,0.5
2025-01-20 21:15:00,5278.0,5291.0,5276.0,5285.0,66536,907059,,5271.35,5283.53,5294.67,0.7
2025-01-20 21:30:00,5285.0,5289.0,5281.0,5287.0,25244,909808,,5271.3,5281.77,5295.02,-0.05
2025-01-20 21:45:00,5287.0,5308.0,5286.0,5294.0,68161,911209,,5272.1,5280.63,5295.72,0.8
2025-01-20 22:00:00,5294.0,5297.0,5285.0,5288.0,27494,910747,,5272.5,5279.1,5296.37,0.4
2025-01-20 22:15:00,5289.0,5289.0,5274.0,5284.0,40067,911824,,5272.2,5277.93,5296.7,-0.3
2025-01-20 22:30:00,5283.0,5286.0,5280.0,5286.0,15933,912686,,5272.6,5276.73,5296.98,0.4
2025-01-20 22:45:00,5286.0,5296.0,5286.0,5293.0,26774,910250,,5273.45,5275.63,5297.22,0.85
2025-01-20 23:00:00,5293.0,5294.0,5282.0,5285.0,22390,905674,,5274.6,5275.13,5297.33,1.15
2025-01-21 09:15:00,5283.0,5300.0,5277.0,5299.0,35767,907608,,5276.3,5276.1,5297.78,1.7
2025-01-21 09:30:00,5298.0,5303.0,5292.0,5301.0,22656,908042,,5278.5,5277.17,5298.03,2.2
2025-01-21 09:45:00,5301.0,5305.0,5293.0,5301.0,25047,909532,,5281.7,5278.17,5297.88,3.2
2025-01-21 10:00:00,5300.0,5301.0,5293.0,5297.0,15188,909834,,5283.4,5278.47,5297.48,1.7
2025-01-21 10:15:00,5297.0,5315.0,5297.0,5310.0,34470,909574,,5286.25,5279.53,5297.28,2.85
2025-01-21 10:45:00,5310.0,5312.0,5287.0,5294.0,44445,906504,,5287.55,5280.0,5296.42,1.3
2025-01-21 11:00:00,5293.0,5311.0,5292.0,5308.0,29655,908205,,5289.75,5280.6,5296.22,2.2
2025-01-21 11:15:00,5308.0,5325.0,5307.0,5319.0,54534,910452,,5291.75,5281.97,5296.17,2.0
2025-01-21 11:30:00,5319.0,5329.0,5313.0,5314.0,39304,907150,,5293.55,5283.23,5295.92,1.8
2025-01-21 13:45:00,5312.0,5325.0,5310.0,5324.0,30350,909575,,5296.1,5285.3,5296.07,2.55
2025-01-21 14:00:00,5324.0,5327.0,5316.0,5319.0,23740,909587,,5298.35,5287.1,5296.17,2.25
2025-01-21 14:15:00,5319.0,5333.0,5316.0,5328.0,32854,911244,,5300.8,5289.47,5296.45,2.45
2025-01-21 14:30:00,5328.0,5330.0,5306.0,5312.0,36464,907850,,5302.15,5291.97,5296.48,1.35
2025-01-21 14:45:00,5313.0,5320.0,5309.0,5313.0,15298,906901,,5303.45,5293.63,5296.65,1.3
2025-01-21 15:00:00,5312.0,5314.0,5299.0,5304.0,41496,896437,,5303.95,5295.33,5296.58,0.5
2025-01-21 21:15:00,5298.0,5304.0,5285.0,5295.0,69572,900908,,5304.3,5296.23,5296.18,0.35
2025-01-21 21:30:00,5294.0,5301.0,5286.0,5292.0,31004,902721,,5304.7,5297.17,5295.72,0.4
2025-01-21 21:45:00,5291.0,5291.0,5283.0,5286.0,24466,904317,,5304.7,5297.4,5295.1,0.0
2025-01-21 22:00:00,5285.0,5293.0,5275.0,5276.0,43189,902765,,5303.85,5297.33,5294.25,-0.85
2025-01-21 22:15:00,5277.0,5284.0,5275.0,5283.0,23954,901758,,5303.75,5297.67,5293.6,-0.1
2025-01-21 22:30:00,5283.0,5292.0,5283.0,5288.0,23060,900280,,5303.2,5298.13,5293.1,-0.55
2025-01-21 22:45:00,5287.0,5292.0,5271.0,5275.0,33034,899296,,5301.9,5298.0,5291.93,-1.3
2025-01-21 23:00:00,5275.0,5280.0,5275.0,5277.0,16102,895866,,5300.7,5297.73,5290.63,-1.2
2025-01-22 09:15:00,5278.0,5285.0,5274.0,5281.0,26555,897349,,5299.9,5297.53,5289.65,-0.8
2025-01-22 09:30:00,5282.0,5283.0,5274.0,5279.0,18924,899301,,5298.35,5297.03,5288.83,-1.55
2025-01-22 09:45:00,5279.0,5288.0,5274.0,5279.0,26317,901062,,5297.6,5296.73,5287.92,-0.75
2025-01-22 10:00:00,5278.0,5279.0,5265.0,5271.0,30730,902172,,5295.75,5296.3,5287.12,-1.85
2025-01-22 10:15:00,5270.0,5283.0,5267.0,5281.0,25710,900433,,5293.85,5296.13,5286.43,-1.9
2025-01-22 10:45:00,5280.0,5287.0,5276.0,5287.0,20854,902057,,5292.5,5295.93,5285.78,-1.35
2025-01-22 11:00:00,5288.0,5296.0,5287.0,5289.0,34479,899097,,5290.75,5296.07,5285.6,-1.75
2025-01-22 11:15:00,5289.0,5300.0,5288.0,5291.0,30121,901449,,5289.35,5295.8,5285.95,-1.4
2025-01-22 11:30:00,5291.0,5294.0,5282.0,5282.0,19798,899381,,5287.05,5295.17,5286.17,-2.3
2025-01-22 13:45:00,5280.0,5288.0,5275.0,5288.0,33187,899186,,5285.85,5294.73,5286.45,-1.2
2025-01-22 14:00:00,5287.0,5290.0,5278.0,5288.0,27227,898721,,5284.6,5294.43,5286.45,-1.25
2025-01-22 14:15:00,5287.0,5291.0,5280.0,5280.0,19698,898792,,5283.4,5293.43,5286.48,-1.2
2025-01-22 14:30:00,5280.0,5286.0,5275.0,5283.0,20127,898683,,5282.8,5293.07,5286.53,-0.6
2025-01-22 14:45:00,5284.0,5297.0,5280.0,5294.0,29841,899262,,5282.9,5292.6,5286.6,0.1
2025-01-22 15:00:00,5294.0,5297.0,5285.0,5289.0,21747,895137,,5283.05,5291.6,5286.78,0.15
2025-01-22 21:15:00,5288.0,5288.0,5265.0,5278.0,75518,901699,,5283.15,5290.4,5286.82,0.1
2025-01-22 21:30:00,5277.0,5279.0,5255.0,5260.0,58419,908478,,5282.0,5288.27,5286.78,-1.15
2025-01-22 21:45:00,5259.0,5267.0,5255.0,5266.0,36669,909478,,5280.9,5286.5,5286.8,-1.1
2025-01-22 22:00:00,5266.0,5272.0,5263.0,5271.0,21560,909710,,5280.7,5284.6,5287.03,-0.2
2025-01-22 22:15:00,5271.0,5275.0,5266.0,5270.0,22570,908812,,5280.35,5283.2,5287.58,-0.35
2025-01-22 22:30:00,5270.0,5276.0,5266.0,5267.0,16441,907893,,5279.65,5281.67,5287.65,-0.7
2025-01-22 22:45:00,5267.0,5270.0,5258.0,5265.0,25995,906009,,5278.95,5280.37,5287.85,-0.7
2025-01-22 23:00:00,5265.0,5269.0,5260.0,5264.0,16996,902023,,5278.2,5279.33,5287.78,-0.75
2025-01-23 09:15:00,5264.0,5264.0,5252.0,5256.0,35859,906172,,5277.45,5278.13,5287.65,-0.75
2025-01-23 09:30:00,5255.0,5256.0,5239.0,5245.0,50649,910741,,5275.65,5276.77,5287.08,-1.8
2025-01-23 09:45:00,5247.0,5259.0,5239.0,5257.0,22656,912591,,5274.15,5276.13,5286.73,-1.5
2025-01-23 10:00:00,5255.0,5256.0,5224.0,5227.0,36869,919046,,5271.05,5274.27,5285.97,-3.1
2025-01-23 10:15:00,5223.0,5223.0,5204.0,5209.0,30366,930443,,5266.95,5271.63,5284.88,-4.1
2025-01-23 10:45:00,5208.0,5215.0,5187.0,5187.0,66096,942666,,5262.2,5268.7,5283.35,-4.75
2025-01-23 11:00:00,5187.0,5189.0,5175.0,5179.0,56611,955747,,5256.75,5265.43,5281.58,-5.45
2025-01-23 11:15:00,5178.0,5179.0,5167.0,5174.0,53225,961131,,5251.05,5261.87,5279.7,-5.7
2025-01-23 11:30:00,5174.0,5174.0,5163.0,5172.0,49226,964612,,5245.65,5258.3,5277.67,-5.4
2025-01-23 13:45:00,5171.0,5173.0,5157.0,5165.0,62752,973988,,5239.75,5254.5,5275.62,-5.9
2025-01-23 14:00:00,5163.0,5169.0,5159.0,5164.0,43168,978051,,5233.25,5250.93,5273.62,-6.5
2025-01-23 14:15:00,5162.0,5165.0,5153.0,5156.0,44796,983073,,5226.6,5246.77,5271.45,-6.65
2025-01-23 14:30:00,5156.0,5164.0,5153.0,5162.0,32755,982615,,5220.8,5242.6,5269.27,-5.8
2025-01-23 14:45:00,5161.0,5161.0,5154.0,5156.0,28679,982243,,5215.6,5238.17,5267.12,-5.2
2025-01-23 15:00:00,5156.0,5163.0,5150.0,5158.0,58300,971080,,5210.2,5233.73,5264.77,-5.4
2025-01-23 21:15:00,5158.0,5171.0,5158.0,5164.0,77746,968028,,5204.85,5229.8,5262.48,-5.35
2025-01-23 21:30:00,5164.0,5166.0,5144.0,5148.0,48429,968959,,5198.75,5225.13,5259.93,-6.1
2025-01-23 21:45:00,5146.0,5159.0,5146.0,5156.0,25828,969643,,5193.2,5220.73,5257.58,-5.55
2025-01-23 22:00:00,5156.0,5158.0,5151.0,5154.0,17568,969395,,5187.65,5216.53,5254.98,-5.55
2025-01-23 22:15:00,5153.0,5153.0,5144.0,5149.0,22559,971490,,5181.9,5212.07,5252.57,-5.75
2025-01-23 22:30:00,5149.0,5156.0,5146.0,5151.0,17437,969757,,5176.65,5207.3,5249.95,-5.25
2025-01-23 22:45:00,5152.0,5156.0,5149.0,5153.0,12951,968414,,5172.05,5202.77,5247.18,-4.6
2025-01-23 23:00:00,5153.0,5159.0,5151.0,5158.0,18654,964069,,5167.1,5198.77,5244.58,-4.95
2025-01-24 09:15:00,5156.0,5165.0,5155.0,5164.0,37449,959758,,5163.95,5195.57,5241.92,-3.15
2025-01-24 09:30:00,5164.0,5170.0,5161.0,5166.0,28394,956420,,5161.8,5192.23,5239.37,-2.15
2025-01-24 09:45:00,5165.0,5176.0,5161.0,5174.0,37750,953341,,5161.15,5189.0,5236.8,-0.65
2025-01-24 10:00:00,5173.0,5182.0,5171.0,5180.0,28568,951121,,5161.2,5186.0,5234.6,0.05
2025-01-24 10:15:00,5179.0,5181.0,5171.0,5180.0,17536,947489,,5161.5,5183.1,5232.38,0.3
2025-01-24 10:45:00,5181.0,5190.0,5180.0,5186.0,20890,943604,,5162.2,5180.47,5230.42,0.7
2025-01-24 11:00:00,5186.0,5191.0,5177.0,5180.0,22686,938822,,5162.95,5177.67,5228.5,0.75
2025-01-24 11:15:00,5180.0,5187.0,5179.0,5183.0,15302,936947,,5163.9,5175.23,5226.68,0.95
2025-01-24 11:30:00,5183.0,5189.0,5172.0,5175.0,17802,934995,,5164.85,5172.9,5224.83,0.95
2025-01-24 13:45:00,5175.0,5180.0,5170.0,5175.0,25217,934011,,5165.5,5170.17,5223.15,0.65
2025-01-24 14:00:00,5175.0,5179.0,5169.0,5176.0,14274,932578,,5166.5,5168.47,5221.37,1.0
2025-01-24 14:15:00,5176.0,5195.0,5173.0,5190.0,28776,926449,,5168.1,5167.83,5219.73,1.6
2025-01-24 14:30:00,5190.0,5197.0,5189.0,5191.0,21363,922891,,5169.45,5167.97,5218.33,1.35
2025-01-24 14:45:00,5192.0,5192.0,5180.0,5185.0,18699,921794,,5171.3,5168.17,5216.8,1.85
2025-01-24 15:00:00,5185.0,5186.0,5171.0,5175.0,30696,915658,,5172.25,5168.2,5215.03,0.95
2025-01-24 21:15:00,5183.0,5183.0,5165.0,5177.0,99616,917097,,5173.4,5168.37,5213.33,1.15
2025-01-24 21:30:00,5178.0,5187.0,5176.0,5185.0,19459,918115,,5175.2,5169.03,5211.77,1.8
2025-01-24 21:45:00,5185.0,5189.0,5178.0,5185.0,15540,919398,,5176.9,5169.73,5210.33,1.7
2025-01-24 22:00:00,5185.0,5188.0,5182.0,5186.0,8660,919535,,5178.55,5170.73,5208.75,1.65
2025-01-24 22:15:00,5185.0,5196.0,5185.0,5191.0,17726,917966,,5180.2,5171.7,5207.15,1.65
2025-01-24 22:30:00,5190.0,5191.0,5183.0,5184.0,11478,916735,,5181.2,5172.63,5205.4,1.0
2025-01-24 22:45:00,5185.0,5188.0,5183.0,5185.0,6830,916007,,5182.15,5173.53,5203.63,0.95
2025-01-24 23:00:00,5184.0,5185.0,5176.0,5177.0,15861,912850,,5182.3,5173.97,5201.88,0.15
2025-01-27 09:15:00,5176.0,5197.0,5172.0,5195.0,42912,911731,,5183.05,5175.53,5200.33,0.75
2025-01-27 09:30:00,5195.0,5212.0,5194.0,5206.0,41173,906503,,5184.35,5177.2,5198.97,1.3
2025-01-27 09:45:00,5206.0,5211.0,5196.0,5197.0,22467,904642,,5184.9,5178.63,5197.58,0.55
2025-01-27 10:00:00,5197.0,5217.0,5195.0,5213.0,25512,903285,,5186.55,5180.77,5196.42,1.65
2025-01-27 10:15:00,5215.0,5230.0,5214.0,5224.0,44198,897678,,5188.6,5183.2,5195.25,2.05
2025-01-27 10:45:00,5223.0,5235.0,5216.0,5235.0,27444,896859,,5191.6,5185.93,5194.35,3.0
2025-01-27 11:00:00,5236.0,5238.0,5224.0,5225.0,28190,892936,,5194.1,5188.17,5193.47,2.5
2025-01-27 11:15:00,5225.0,5246.0,5224.0,5245.0,28021,891866,,5197.55,5190.87,5193.22,3.45
2025-01-27 11:30:00,5247.0,5247.0,5233.0,5234.0,22810,889834,,5199.75,5193.13,5192.68,2.2
2025-01-27 13:45:00,5234.0,5280.0,5234.0,5269.0,86559,879296,,5203.65,5196.3,5192.65,3.9
2025-01-27 14:00:00,5269.0,5272.0,5260.0,5260.0,27557,878859,,5207.4,5198.97,5192.48,3.75
2025-01-27 14:15:00,5261.0,5265.0,5253.0,5262.0,23962,877876,,5211.75,5201.7,5192.4,4.35
2025-01-27 14:30:00,5263.0,5267.0,5255.0,5258.0,18233,875975,,5215.8,5204.1,5192.28,4.05
2025-01-27 14:45:00,5259.0,5264.0,5250.0,5263.0,24291,872063,,5219.7,5206.87,5192.27,3.9
2025-01-27 15:00:00,5262.0,5275.0,5257.0,5268.0,34610,859295,,5223.85,5209.7,5192.47,4.15
2025-02-05 09:15:00,5225.0,5234.0,5161.0,5185.0,168359,870724,,5223.8,5210.03,5191.47,-0.05
2025-02-05 09:30:00,5185.0,5202.0,5180.0,5190.0,42665,874384,,5223.75,5210.53,5190.35,-0.05
2025-02-05 09:45:00,5189.0,5220.0,5188.0,5194.0,13424,872204,,5224.25,5211.13,5189.8,0.5
2025-02-05 10:00:00,5194.0,5196.0,5180.0,5181.0,5721,878053,,5224.05,5210.83,5189.33,-0.2
2025-02-05 10:15:00,5180.0,5186.0,5169.0,5183.0,15545,879901,,5224.35,5210.57,5189.27,0.3
2025-02-05 10:45:00,5185.0,5194.0,5180.0,5182.0,14323,879730,,5223.7,5210.47,5189.32,-0.65
2025-02-05 11:00:00,5181.0,5182.0,5170.0,5171.0,9504,881925,,5221.95,5210.33,5189.27,-1.75
2025-02-05 11:15:00,5171.0,5178.0,5167.0,5174.0,9932,883568,,5220.8,5210.23,5189.3,-1.15
2025-02-05 11:30:00,5173.0,5200.0,5168.0,5199.0,19612,881464,,5220.1,5210.7,5189.87,-0.7
2025-02-05 13:45:00,5196.0,5206.0,5190.0,5192.0,26393,879978,,5218.5,5210.93,5190.33,-1.6
2025-02-05 14:00:00,5192.0,5193.0,5186.0,5188.0,12335,879873,,5216.15,5211.0,5190.87,-2.35
2025-02-05 14:15:00,5188.0,5191.0,5183.0,5184.0,12210,880597,,5214.1,5210.77,5191.23,-2.05
2025-02-05 14:30:00,5184.0,5187.0,5168.0,5170.0,25768,885337,,5210.35,5210.3,5191.47,-3.75
2025-02-05 14:45:00,5170.0,5176.0,5165.0,5170.0,23723,887655,,5207.15,5209.8,5191.67,-3.2
2025-02-05 15:00:00,5171.0,5171.0,5150.0,5163.0,50077,888573,,5201.85,5209.33,5191.65,-5.3
2025-02-05 21:15:00,5161.0,5182.0,5157.0,5165.0,81294,904886,,5197.1,5208.33,5191.93,-4.75
2025-02-05 21:30:00,5164.0,5165.0,5156.0,5159.0,27778,913031,,5191.95,5206.77,5191.98,-5.15
2025-02-05 21:45:00,5159.0,5166.0,5159.0,5159.0,22531,914773,,5187.0,5205.5,5192.07,-4.95
2025-02-05 22:00:00,5160.0,5161.0,5145.0,5151.0,46261,924772,,5181.4,5203.43,5192.1,-5.6
2025-02-05 22:15:00,5151.0,5155.0,5143.0,5153.0,33371,928268,,5175.65,5201.07,5192.13,-5.75
2025-02-05 22:30:00,5152.0,5157.0,5148.0,5154.0,16711,929358,,5174.1,5198.37,5192.15,-1.55
2025-02-05 22:45:00,5154.0,5162.0,5154.0,5161.0,19646,929355,,5172.65,5196.23,5192.2,-1.45
2025-02-05 23:00:00,5161.0,5165.0,5160.0,5162.0,17848,925675,,5171.05,5193.47,5192.17,-1.6
2025-02-06 09:15:00,5162.0,5168.0,5132.0,5139.0,65277,935443,,5168.95,5190.3,5191.72,-2.1
2025-02-06 09:30:00,5139.0,5143.0,5128.0,5135.0,44579,944668,,5166.55,5185.83,5191.07,-2.4
2025-02-06 09:45:00,5134.0,5138.0,5126.0,5134.0,23494,949009,,5164.15,5181.63,5190.3,-2.4
2025-02-06 10:00:00,5134.0,5136.0,5125.0,5133.0,20838,953573,,5162.25,5177.33,5189.52,-1.9
2025-02-06 10:15:00,5134.0,5142.0,5127.0,5140.0,18647,955306,,5160.55,5173.4,5188.75,-1.7
2025-02-06 10:45:00,5141.0,5151.0,5141.0,5150.0,20010,950617,,5158.1,5169.63,5188.25,-2.45
2025-02-06 11:00:00,5152.0,5161.0,5146.0,5160.0,16221,949628,,5156.5,5166.03,5187.87,-1.6
2025-02-06 11:15:00,5161.0,5161.0,5151.0,5151.0,19909,950269,,5154.65,5164.9,5187.47,-1.85
2025-02-06 11:30:00,5151.0,5162.0,5150.0,5157.0,17573,949704,,5153.3,5163.8,5187.17,-1.35
2025-02-06 13:45:00,5159.0,5174.0,5158.0,5173.0,38704,947375,,5153.45,5163.1,5187.12,0.15
2025-02-06 14:00:00,5173.0,5174.0,5164.0,5169.0,26909,944504,,5153.4,5162.7,5186.77,-0.05
2025-02-06 14:15:00,5169.0,5172.0,5164.0,5167.0,17972,944799,,5153.6,5162.17,5186.37,0.2
2025-02-06 14:30:00,5167.0,5180.0,5165.0,5177.0,31396,942628,,5154.2,5162.0,5186.23,0.6
2025-02-06 14:45:00,5178.0,5180.0,5170.0,5174.0,21586,941992,,5154.95,5162.1,5186.22,0.75
2025-02-06 15:00:00,5173.0,5174.0,5161.0,5166.0,25887,942122,,5155.3,5161.83,5186.03,0.35
2025-02-06 21:15:00,5159.0,5160.0,5144.0,5151.0,73382,958601,,5155.3,5160.23,5185.47,0.0
2025-02-06 21:30:00,5150.0,5174.0,5145.0,5173.0,55778,960390,,5156.3,5159.6,5185.27,1.0
2025-02-06 21:45:00,5172.0,5185.0,5170.0,5181.0,63408,961872,,5157.65,5159.37,5185.18,1.35
2025-02-06 22:00:00,5180.0,5191.0,5179.0,5187.0,40846,966040,,5158.95,5159.47,5185.12,1.3
2025-02-06 22:15:00,5187.0,5189.0,5178.0,5181.0,26914,963639,,5159.9,5159.83,5185.07,0.95
2025-02-06 22:30:00,5180.0,5181.0,5175.0,5178.0,17554,964013,,5161.85,5160.1,5184.95,1.95
2025-02-06 22:45:00,5179.0,5181.0,5172.0,5172.0,16811,963102,,5163.7,5160.4,5184.87,1.85
2025-02-06 23:00:00,5173.0,5179.0,5158.0,5160.0,35260,959520,,5165.0,5160.23,5184.28,1.3
2025-02-07 09:15:00,5160.0,5171.0,5155.0,5168.0,33174,963196,,5166.75,5160.53,5183.65,1.75
2025-02-07 09:30:00,5168.0,5179.0,5167.0,5177.0,19964,964264,,5168.6,5161.13,5183.32,1.85
2025-02-07 09:45:00,5177.0,5182.0,5170.0,5181.0,22736,966692,,5170.15,5162.13,5182.78,1.55
2025-02-07 10:00:00,5181.0,5183.0,5174.0,5176.0,17408,968402,,5170.95,5162.9,5181.98,0.8
2025-02-07 10:15:00,5177.0,5187.0,5177.0,5186.0,21068,969400,,5172.7,5163.97,5181.17,1.75
2025-02-07 10:45:00,5186.0,5197.0,5176.0,5194.0,21512,970207,,5174.55,5165.07,5180.65,1.85
2025-02-07 11:00:00,5195.0,5237.0,5192.0,5234.0,31424,956877,,5177.6,5167.47,5180.47,3.05
2025-02-07 11:15:00,5235.0,5253.0,5232.0,5234.0,31578,951943,,5180.85,5170.63,5180.47,3.25
2025-02-07 11:30:00,5233.0,5241.0,5228.0,5229.0,31118,949971,,5183.95,5173.77,5179.8,3.1
2025-02-07 13:45:00,5228.0,5251.0,5227.0,5247.0,26463,950478,,5187.45,5177.53,5179.58,3.5
2025-02-07 14:00:00,5248.0,5251.0,5223.0,5223.0,6017,952596,,5189.9,5180.53,5178.93,2.45
2025-02-07 14:15:00,5223.0,5231.0,5223.0,5228.0,2937,954275,,5193.0,5183.47,5178.43,3.1
2025-02-07 14:30:00,5230.0,5231.0,5213.0,5218.0,1196,955816,,5196.35,5185.73,5177.68,3.35
2025-02-07 14:45:00,5221.0,5226.0,5218.0,5222.0,8577,957590,,5198.8,5187.8,5176.92,2.45
2025-02-07 15:00:00,5222.0,5232.0,5220.0,5230.0,29499,951275,,5201.25,5190.43,5177.67,2.45
2025-02-07 21:15:00,5237.0,5241.0,5223.0,5228.0,63099,957233,,5203.3,5192.8,5178.3,2.05
2025-02-07 21:30:00,5229.0,5237.0,5216.0,5218.0,35334,961916,,5205.15,5194.3,5178.7,1.85
2025-02-07 21:45:00,5218.0,5228.0,5217.0,5226.0,21405,962122,,5207.55,5196.2,5179.45,2.4
2025-02-07 22:00:00,5226.0,5232.0,5224.0,5227.0,17404,961920,,5210.3,5198.2,5180.18,2.75
2025-02-07 22:15:00,5228.0,5229.0,5220.0,5226.0,18858,961465,,5213.6,5199.83,5180.92,3.3
2025-02-07 22:30:00,5226.0,5231.0,5218.0,5221.0,18648,960666,,5216.25,5201.4,5181.75,2.65
2025-02-07 22:45:00,5220.0,5222.0,5212.0,5216.0,26025,959693,,5218.2,5203.07,5182.45,1.95
2025-02-07 23:00:00,5215.0,5219.0,5212.0,5219.0,19388,954568,,5220.1,5205.33,5182.78,1.9
2025-02-10 09:15:00,5217.0,5217.0,5185.0,5195.0,88846,964572,,5221.05,5206.07,5182.83,0.95
2025-02-10 09:30:00,5195.0,5204.0,5190.0,5198.0,32452,966364,,5221.65,5206.63,5183.0,0.6
2025-02-10 09:45:00,5199.0,5201.0,5190.0,5195.0,7910,969773,,5221.7,5206.9,5183.18,0.05
2025-02-10 10:00:00,5193.0,5205.0,5192.0,5204.0,3931,971350,,5220.2,5207.67,5183.75,-1.5
2025-02-10 10:15:00,5205.0,5205.0,5178.0,5182.0,4849,974312,,5217.6,5207.8,5183.95,-2.6
2025-02-10 10:45:00,5182.0,5182.0,5167.0,5178.0,35169,980422,,5215.05,5208.0,5184.2,-2.55
2025-02-10 11:00:00,5177.0,5192.0,5174.0,5191.0,32684,979148,,5212.25,5209.03,5184.63,-2.8
2025-02-10 11:15:00,5190.0,5192.0,5184.0,5186.0,18486,979158,,5210.4,5209.63,5185.08,-1.85
2025-02-10 11:30:00,5186.0,5198.0,5184.0,5188.0,24366,978669,,5208.4,5210.0,5185.57,-2.0
2025-02-10 13:45:00,5190.0,5202.0,5189.0,5195.0,19847,978827,,5207.25,5210.47,5186.3,-1.15
2025-02-10 14:00:00,5196.0,5200.0,5187.0,5189.0,19901,978394,,5205.6,5210.9,5186.9,-1.65
2025-02-10 14:15:00,5189.0,5212.0,5182.0,5204.0,55825,981360,,5204.3,5211.5,5187.73,-1.3
2025-02-10 14:30:00,5205.0,5210.0,5195.0,5208.0,34624,981023,,5203.3,5211.97,5188.52,-1.0
2025-02-10 14:45:00,5208.0,5220.0,5204.0,5216.0,40440,977878,,5203.2,5211.37,5189.42,-0.1
2025-02-10 15:00:00,5216.0,5223.0,5210.0,5212.0,35483,973891,,5202.5,5210.63,5190.63,-0.7
2025-02-10 21:15:00,5221.0,5274.0,5221.0,5259.0,188468,975708,,5204.1,5211.63,5192.7,1.6
2025-02-10 21:30:00,5260.0,5268.0,5247.0,5255.0,57156,978542,,5205.55,5211.9,5194.72,1.45
2025-02-10 21:45:00,5255.0,5258.0,5247.0,5255.0,30592,978784,,5207.25,5212.97,5196.75,1.7
2025-02-10 22:00:00,5254.0,5260.0,5252.0,5258.0,24550,980289,,5209.35,5213.97,5198.72,2.1
2025-02-10 22:15:00,5261.0,5261.0,5236.0,5239.0,50040,977454,,5210.35,5214.67,5200.2,1.0
2025-02-10 22:30:00,5238.0,5247.0,5237.0,5242.0,19050,977662,,5212.7,5215.33,5201.57,2.35
2025-02-10 22:45:00,5243.0,5245.0,5239.0,5241.0,16960,978285,,5214.85,5215.7,5203.07,2.15
2025-02-10 23:00:00,5241.0,5248.0,5240.0,5248.0,16234,973998,,5217.5,5216.37,5204.58,2.65
2025-02-11 09:15:00,5247.0,5253.0,5239.0,5246.0,38503,974716,,5219.6,5217.3,5205.8,2.1
2025-02-11 09:30:00,5247.0,5252.0,5240.0,5244.0,29011,972130,,5222.7,5217.9,5207.05,3.1
2025-02-11 09:45:00,5244.0,5253.0,5239.0,5241.0,25619,970478,,5225.85,5218.37,5208.28,3.15
2025-02-11 10:00:00,5241.0,5244.0,5225.0,5242.0,43183,967126,,5228.4,5218.9,5209.37,2.55
2025-02-11 10:15:00,5242.0,5250.0,5241.0,5244.0,21799,968389,,5231.3,5219.67,5210.53,2.9
2025-02-11 10:45:00,5244.0,5247.0,5220.0,5226.0,35659,966610,,5233.2,5220.0,5211.53,1.9
2025-02-11 11:00:00,5225.0,5229.0,5203.0,5203.0,12103,965649,,5233.6,5219.47,5212.4,0.4
2025-02-11 11:15:00,5201.0,5217.0,5198.0,5214.0,9677,963869,,5234.85,5220.1,5213.08,1.25
2025-02-11 11:30:00,5213.0,5227.0,5211.0,5226.0,14936,961665,,5235.95,5221.03,5213.83,1.1
2025-02-11 13:45:00,5227.0,5234.0,5225.0,5227.0,32441,961753,,5236.9,5222.1,5214.5,0.95
2025-02-11 14:00:00,5228.0,5237.0,5225.0,5231.0,22981,962955,,5237.65,5223.0,5215.33,0.75
2025-02-11 14:15:00,5231.0,5231.0,5219.0,5227.0,27404,963543,,5238.4,5224.5,5216.15,0.75
2025-02-11 14:30:00,5227.0,5233.0,5222.0,5224.0,22291,964641,,5236.65,5226.03,5217.02,-1.75
2025-02-11 14:45:00,5224.0,5228.0,5216.0,5223.0,22064,966522,,5235.05,5227.1,5218.07,-1.6
2025-02-11 15:00:00,5223.0,5226.0,5218.0,5226.0,22164,963711,,5233.6,5228.43,5219.03,-1.45
2025-02-11 21:15:00,5230.0,5241.0,5206.0,5223.0,91244,969586,,5231.85,5229.6,5219.8,-1.75
2025-02-11 21:30:00,5223.0,5245.0,5223.0,5242.0,63349,974463,,5232.0,5231.17,5220.82,0.15
2025-02-11 21:45:00,5243.0,5247.0,5235.0,5247.0,33831,977429,,5232.25,5233.1,5222.0,0.25
2025-02-11 22:00:00,5247.0,5257.0,5243.0,5252.0,48755,983673,,5232.8,5234.7,5223.1,0.55
2025-02-11 22:15:00,5251.0,5253.0,5247.0,5251.0,27300,985765,,5232.95,5236.13,5224.05,0.15
2025-02-11 22:30:00,5251.0,5255.0,5241.0,5244.0,33616,983614,,5232.85,5237.07,5224.22,-0.1
2025-02-11 22:45:00,5245.0,5246.0,5237.0,5239.0,24883,982980,,5232.6,5237.97,5224.3,-0.25
2025-02-11 23:00:00,5239.0,5247.0,5237.0,5246.0,21824,977794,,5232.85,5237.53,5224.58,0.25
2025-02-12 09:15:00,5245.0,5252.0,5229.0,5247.0,56439,980689,,5233.1,5237.27,5224.58,0.25
2025-02-12 09:30:00,5247.0,5251.0,5237.0,5237.0,31520,981497,,5232.75,5236.67,5224.82,-0.35
2025-02-12 09:45:00,5237.0,5244.0,5233.0,5236.0,21425,982213,,5233.25,5235.93,5224.95,0.5
2025-02-12 10:00:00,5236.0,5246.0,5232.0,5246.0,31980,984001,,5235.4,5236.17,5225.42,2.15
2025-02-12 10:15:00,5247.0,5252.0,5243.0,5247.0,23699,979996,,5237.05,5236.33,5225.83,1.65
2025-02-12 10:45:00,5246.0,5259.0,5245.0,5252.0,35274,980865,,5238.35,5236.7,5226.2,1.3
2025-02-12 11:00:00,5252.0,5257.0,5247.0,5250.0,22784,980184,,5239.5,5236.77,5226.57,1.15
2025-02-12 11:15:00,5250.0,5258.0,5247.0,5255.0,22958,980611,,5240.7,5237.07,5227.18,1.2
2025-02-12 11:30:00,5255.0,5255.0,5235.0,5238.0,28431,976045,,5241.25,5236.87,5227.38,0.55
2025-02-12 13:45:00,5238.0,5243.0,5217.0,5241.0,67712,970772,,5242.1,5236.87,5227.62,0.85
2025-02-12 14:00:00,5241.0,5263.0,5239.0,5256.0,78653,972239,,5243.75,5237.33,5228.12,1.65
2025-02-12 14:15:00,5256.0,5261.0,5253.0,5260.0,34927,973591,,5245.45,5237.87,5228.77,1.7
2025-02-12 14:30:00,5259.0,5271.0,5256.0,5261.0,50453,976748,,5247.35,5239.03,5229.52,1.9
2025-02-12 14:45:00,5261.0,5266.0,5255.0,5262.0,31533,973876,,5248.35,5241.0,5230.23,1.0
2025-02-12 15:00:00,5263.0,5274.0,5257.0,5273.0,43379,969406,,5249.65,5242.97,5231.53,1.3
2025-02-12 21:15:00,5266.0,5285.0,5262.0,5269.0,95704,972205,,5250.5,5244.4,5232.72,0.85
2025-02-12 21:30:00,5269.0,5273.0,5255.0,5259.0,44284,970853,,5250.9,5245.47,5233.78,0.4
2025-02-12 21:45:00,5259.0,5265.0,5256.0,5263.0,24651,970307,,5251.85,5246.53,5234.77,0.95
2025-02-12 22:00:00,5262.0,5265.0,5253.0,5261.0,30784,971360,,5252.95,5247.67,5236.08,1.1
2025-02-12 22:15:00,5261.0,5261.0,5251.0,5252.0,30433,967336,,5253.25,5248.6,5237.32,0.3
2025-02-12 22:30:00,5253.0,5255.0,5248.0,5252.0,21071,965372,,5253.5,5249.57,5238.33,0.25
2025-02-12 22:45:00,5252.0,5261.0,5249.0,5259.0,21030,965380,,5254.6,5250.67,5239.55,1.1
2025-02-12 23:00:00,5260.0,5261.0,5251.0,5254.0,17840,961117,,5255.5,5251.7,5240.65,0.9
2025-02-13 09:15:00,5252.0,5260.0,5245.0,5256.0,37099,961095,,5256.0,5252.17,5241.67,0.5
2025-02-13 09:30:00,5256.0,5257.0,5246.0,5249.0,29434,960235,,5256.1,5252.23,5242.67,0.1
2025-02-13 09:45:00,5250.0,5254.0,5238.0,5240.0,34948,958292,,5255.5,5251.83,5243.27,-0.6
2025-02-13 10:00:00,5240.0,5243.0,5229.0,5236.0,43800,960295,,5254.8,5251.33,5243.73,-0.7
2025-02-13 10:15:00,5236.0,5243.0,5220.0,5221.0,46351,964223,,5253.1,5250.57,5243.82,-1.7
2025-02-13 10:45:00,5221.0,5229.0,5218.0,5225.0,39315,966233,,5252.45,5250.1,5244.03,-0.65
2025-02-13 11:00:00,5225.0,5234.0,5218.0,5232.0,28375,965748,,5252.0,5249.63,5243.58,-0.45
2025-02-13 11:15:00,5232.0,5232.0,5212.0,5219.0,44907,969454,,5250.15,5248.7,5242.98,-1.85
2025-02-13 11:30:00,5218.0,5224.0,5215.0,5221.0,22707,969972,,5248.2,5248.17,5242.42,-1.95
2025-02-13 13:45:00,5220.0,5226.0,5218.0,5220.0,20994,971669,,5246.15,5247.63,5241.78,-2.05
2025-02-13 14:00:00,5220.0,5223.0,5209.0,5214.0,31498,975845,,5243.75,5246.57,5241.37,-2.4
2025-02-13 14:15:00,5214.0,5214.0,5193.0,5210.0,70506,979940,,5240.6,5245.33,5240.83,-3.15
2025-02-13 14:30:00,5210.0,5212.0,5200.0,5205.0,39721,982189,,5237.4,5243.77,5240.23,-3.2
2025-02-13 14:45:00,5205.0,5205.0,5184.0,5184.0,39039,986705,,5233.65,5241.57,5239.17,-3.75
2025-02-13 15:00:00,5185.0,5196.0,5184.0,5190.0,16685,977816,,5230.0,5239.4,5238.23,-3.65
2025-02-13 21:15:00,5191.0,5212.0,5191.0,5207.0,77203,975506,,5227.3,5238.37,5237.62,-2.7
2025-02-13 21:30:00,5207.0,5212.0,5197.0,5199.0,32748,975435,,5224.65,5236.97,5236.92,-2.65
2025-02-13 21:45:00,5199.0,5204.0,5181.0,5191.0,50895,982691,,5221.6,5234.8,5236.07,-3.05
2025-02-13 22:00:00,5191.0,5195.0,5189.0,5189.0,21428,983851,,5218.1,5232.43,5235.15,-3.5
2025-02-13 22:15:00,5189.0,5201.0,5188.0,5201.0,23223,984418,,5215.45,5230.43,5234.73,-2.65
2025-02-13 22:30:00,5200.0,5204.0,5198.0,5200.0,16121,984353,,5212.65,5228.37,5234.68,-2.8
2025-02-13 22:45:00,5200.0,5206.0,5198.0,5199.0,14394,984406,,5210.15,5225.9,5234.43,-2.5
2025-02-13 23:00:00,5199.0,5205.0,5196.0,5197.0,17386,980118,,5208.0,5223.5,5233.95,-2.15
2025-02-14 09:15:00,5203.0,5223.0,5203.0,5221.0,57680,979481,,5207.25,5222.23,5233.85,-0.75
2025-02-14 09:30:00,5221.0,5227.0,5217.0,5224.0,31208,978005,,5207.4,5220.93,5233.73,0.15
2025-02-14 09:45:00,5223.0,5231.0,5221.0,5229.0,24118,975587,,5207.6,5219.87,5233.77,0.2
2025-02-14 10:00:00,5229.0,5244.0,5219.0,5244.0,52588,967475,,5208.2,5219.6,5234.1,0.6
2025-02-14 10:15:00,5245.0,5249.0,5239.0,5245.0,50011,961395,,5209.5,5219.37,5234.47,1.3
2025-02-14 10:45:00,5245.0,5246.0,5234.0,5235.0,27342,960004,,5210.2,5218.57,5234.62,0.7
2025-02-14 11:00:00,5235.0,5248.0,5235.0,5239.0,20822,961509,,5211.15,5218.07,5234.88,0.95
2025-02-14 11:15:00,5239.0,5246.0,5238.0,5241.0,19504,960399,,5212.5,5217.57,5234.87,1.35
2025-02-14 11:30:00,5240.0,5244.0,5230.0,5232.0,25938,957642,,5213.6,5217.0,5234.62,1.1
2025-02-14 13:45:00,5231.0,5241.0,5226.0,5229.0,22358,958099,,5214.8,5216.63,5234.23,1.2
2025-02-14 14:00:00,5228.0,5236.0,5223.0,5233.0,19361,960420,,5217.25,5216.53,5233.93,2.45
2025-02-14 14:15:00,5234.0,5241.0,5232.0,5234.0,12275,960241,,5219.45,5216.97,5233.77,2.2
2025-02-14 14:30:00,5234.0,5234.0,5222.0,5223.0,16218,956481,,5220.25,5216.9,5233.5,0.8
2025-02-14 14:45:00,5222.0,5234.0,5221.0,5232.0,6574,955822,,5221.9,5216.9,5233.27,1.65
2025-02-14 15:00:00,5232.0,5238.0,5227.0,5229.0,9317,953309,,5223.8,5217.23,5232.97,1.9
2025-02-14 21:15:00,5239.0,5239.0,5203.0,5207.0,104530,961339,,5224.7,5216.77,5232.47,0.9
2025-02-14 21:30:00,5206.0,5230.0,5206.0,5229.0,55084,959880,,5226.1,5217.07,5232.35,1.4
2025-02-14 21:45:00,5230.0,5240.0,5229.0,5233.0,47470,959317,,5227.75,5217.7,5232.13,1.65
2025-02-14 22:00:00,5233.0,5238.0,5231.0,5233.0,14921,959624,,5229.45,5218.47,5231.9,1.7
2025-02-14 22:15:00,5234.0,5245.0,5231.0,5240.0,33359,959075,,5231.6,5219.63,5231.7,2.15
2025-02-14 22:30:00,5240.0,5255.0,5238.0,5251.0,37727,960436,,5233.1,5221.87,5231.72,1.5
2025-02-14 22:45:00,5253.0,5255.0,5244.0,5249.0,24355,959142,,5234.35,5223.83,5231.62,1.25
2025-02-14 23:00:00,5249.0,5249.0,5238.0,5241.0,24734,951950,,5234.95,5224.97,5231.67,0.6
2025-02-17 09:15:00,5239.0,5246.0,5218.0,5235.0,25773,954124,,5234.5,5226.17,5231.57,-0.45
2025-02-17 09:30:00,5235.0,5235.0,5226.0,5227.0,11282,957228,,5233.6,5227.37,5231.08,-0.9
2025-02-17 09:45:00,5227.0,5234.0,5219.0,5221.0,16471,959649,,5232.9,5228.43,5230.43,-0.7
2025-02-17 10:00:00,5222.0,5254.0,5221.0,5244.0,16208,961480,,5233.15,5229.87,5230.15,0.25
2025-02-17 10:15:00,5244.0,5264.0,5238.0,5242.0,16854,961690,,5233.2,5231.27,5229.82,0.05
2025-02-17 10:45:00,5241.0,5253.0,5241.0,5249.0,16163,961721,,5234.05,5232.93,5229.42,0.85
2025-02-17 11:00:00,5250.0,5258.0,5245.0,5249.0,23123,961842,,5235.05,5234.67,5229.08,1.0
2025-02-17 11:15:00,5248.0,5259.0,5246.0,5253.0,23119,963305,,5236.05,5235.73,5228.98,1.0
2025-02-17 11:30:00,5253.0,5258.0,5246.0,5255.0,23047,964854,,5237.1,5236.77,5228.85,1.05
2025-02-17 13:45:00,5257.0,5257.0,5224.0,5229.0,71406,966550,,5237.4,5236.77,5228.32,0.3
2025-02-17 14:00:00,5229.0,5234.0,5226.0,5234.0,26322,968045,,5237.5,5236.43,5228.02,0.1
2025-02-17 14:15:00,5235.0,5271.0,5234.0,5269.0,78893,977303,,5239.5,5237.23,5228.3,2.0
2025-02-17 14:30:00,5268.0,5274.0,5266.0,5271.0,31375,982048,,5242.7,5238.43,5228.5,3.2
2025-02-17 14:45:00,5273.0,5278.0,5267.0,5270.0,44401,979844,,5244.75,5239.47,5228.77,2.05
2025-02-17 15:00:00,5271.0,5280.0,5268.0,5277.0,23140,973709,,5246.95,5240.67,5229.12,2.2
2025-02-17 21:15:00,5269.0,5276.0,5258.0,5271.0,76493,976007,,5248.85,5241.97,5229.48,1.9
2025-02-17 21:30:00,5270.0,5293.0,5270.0,5285.0,96141,984095,,5251.1,5243.83,5230.23,2.25
2025-02-17 21:45:00,5286.0,5289.0,5276.0,5283.0,34393,983570,,5252.7,5245.5,5231.02,1.6
2025-02-17 22:00:00,5283.0,5286.0,5281.0,5281.0,15628,985197,,5254.3,5247.07,5232.02,1.6
2025-02-17 22:15:00,5282.0,5285.0,5276.0,5279.0,23982,985662,,5256.2,5248.93,5232.92,1.9
2025-02-17 22:30:00,5279.0,5284.0,5277.0,5280.0,13372,985947,,5258.45,5250.53,5233.72,2.25
2025-02-17 22:45:00,5279.0,5284.0,5277.0,5281.0,14120,985035,,5261.15,5252.27,5234.75,2.7
2025-02-17 23:00:00,5281.0,5281.0,5269.0,5272.0,36526,977645,,5263.7,5254.43,5235.6,2.55
2025-02-18 09:15:00,5274.0,5276.0,5262.0,5271.0,43559,978730,,5265.05,5255.83,5236.45,1.35
2025-02-18 09:30:00,5271.0,5276.0,5262.0,5276.0,25232,976622,,5266.75,5257.27,5237.48,1.7
2025-02-18 09:45:00,5276.0,5285.0,5272.0,5281.0,29999,977085,,5268.35,5258.87,5238.67,1.6
2025-02-18 10:00:00,5281.0,5287.0,5275.0,5283.0,24041,978876,,5270.05,5260.3,5239.97,1.7
2025-02-18 10:15:00,5285.0,5288.0,5271.0,5287.0,32123,978291,,5271.75,5261.5,5241.68,1.7
2025-02-18 10:45:00,5287.0,5295.0,5281.0,5284.0,583001,983330,,5273.2,5262.67,5243.25,1.45
2025-02-18 11:00:00,5285.0,5290.0,5274.0,5274.0,26693,984823,,5275.45,5263.77,5244.37,2.25
2025-02-18 11:15:00,5274.0,5279.0,5266.0,5274.0,40091,985593,,5277.45,5265.07,5245.62,2.0
2025-02-18 11:30:00,5273.0,5278.0,5268.0,5276.0,21732,985218,,5277.8,5266.7,5247.03,0.35
2025-02-18 13:45:00,5275.0,5282.0,5263.0,5275.0,25908,987235,,5278.0,5268.5,5248.47,0.2
2025-02-18 14:00:00,5274.0,5276.0,5266.0,5267.0,21289,987300,,5277.85,5269.27,5249.57,-0.15
2025-02-18 14:15:00,5267.0,5280.0,5266.0,5276.0,22052,983726,,5277.8,5270.4,5250.83,-0.05
2025-02-18 14:30:00,5275.0,5281.0,5271.0,5279.0,23493,981762,,5278.2,5271.4,5252.17,0.4
2025-02-18 14:45:00,5279.0,5285.0,5276.0,5283.0,28238,981376,,5278.1,5272.53,5253.6,-0.1
2025-02-18 15:00:00,5284.0,5284.0,5278.0,5279.0,25317,978184,,5277.9,5273.4,5254.57,-0.2
2025-02-18 21:15:00,5279.0,5293.0,5274.0,5284.0,65651,985637,,5278.05,5274.37,5255.57,0.15
2025-02-18 21:30:00,5285.0,5286.0,5276.0,5280.0,27779,986644,,5278.1,5276.07,5256.42,0.05
2025-02-18 21:45:00,5281.0,5281.0,5264.0,5268.0,48341,985609,,5277.5,5277.2,5256.82,-0.6
2025-02-18 22:00:00,5267.0,5269.0,5246.0,5254.0,87141,985276,,5276.15,5276.7,5256.97,-1.35
2025-02-18 22:15:00,5254.0,5260.0,5251.0,5258.0,31818,987615,,5275.45,5276.27,5257.35,-0.7
2025-02-18 22:30:00,5259.0,5260.0,5236.0,5239.0,84169,996571,,5273.85,5275.23,5257.35,-1.6
2025-02-18 22:45:00,5238.0,5243.0,5228.0,5242.0,65461,998452,,5272.15,5274.07,5257.37,-1.7
2025-02-18 23:00:00,5242.0,5246.0,5239.0,5239.0,30698,993070,,5270.05,5273.0,5257.48,-2.1
2025-02-19 09:15:00,5242.0,5257.0,5242.0,5256.0,44873,994355,,5268.7,5272.03,5257.93,-1.35
2025-02-19 09:30:00,5255.0,5258.0,5249.0,5255.0,25878,993538,,5267.1,5271.1,5258.3,-1.6
2025-02-19 09:45:00,5254.0,5262.0,5254.0,5256.0,24819,990706,,5265.7,5270.27,5258.67,-1.4
2025-02-19 10:00:00,5256.0,5260.0,5251.0,5259.0,23693,991342,,5264.95,5269.6,5259.27,-0.75
2025-02-19 10:15:00,5259.0,5260.0,5248.0,5251.0,27941,994069,,5263.8,5268.63,5259.58,-1.15
2025-02-19 10:45:00,5252.0,5253.0,5242.0,5253.0,26958,995268,,5262.65,5267.7,5259.98,-1.15
2025-02-19 11:00:00,5253.0,5256.0,5249.0,5256.0,18840,996928,,5261.7,5267.17,5260.8,-0.95
2025-02-19 11:15:00,5255.0,5256.0,5244.0,5253.0,21868,994918,,5261.0,5266.57,5261.2,-0.7
2025-02-19 11:30:00,5253.0,5260.0,5249.0,5251.0,723959,992418,,5259.75,5265.73,5261.5,-1.25
2025-02-19 13:45:00,5251.0,5254.0,5246.0,5248.0,21240,993181,,5258.2,5264.63,5261.75,-1.55
2025-02-19 14:00:00,5248.0,5254.0,5243.0,5253.0,23484,992218,,5256.7,5263.63,5261.97,-1.5
2025-02-19 14:15:00,5254.0,5270.0,5252.0,5269.0,43482,991360,,5256.2,5263.03,5262.27,-0.5
2025-02-19 14:30:00,5269.0,5272.0,5263.0,5270.0,34352,990339,,5255.5,5262.57,5262.62,-0.7
2025-02-19 14:45:00,5269.0,5275.0,5267.0,5269.0,32731,991293,,5254.95,5262.4,5263.08,-0.55
2025-02-19 15:00:00,5269.0,5272.0,5265.0,5271.0,26882,985262,,5255.1,5262.3,5263.68,0.15
2025-02-19 21:15:00,5270.0,5293.0,5259.0,5290.0,108838,992410,,5256.9,5262.77,5264.73,1.8
2025-02-19 21:30:00,5292.0,5302.0,5290.0,5294.0,94282,996442,,5258.7,5263.4,5265.95,1.8
2025-02-19 21:45:00,5294.0,5299.0,5290.0,5294.0,37212,999520,,5261.45,5264.3,5266.78,2.75
2025-02-19 22:00:00,5295.0,5298.0,5293.0,5295.0,21076,999938,,5264.1,5264.93,5267.67,2.65
2025-02-19 22:15:00,5296.0,5299.0,5291.0,5295.0,24849,999875,,5266.9,5265.47,5268.43,2.8
2025-02-19 22:30:00,5294.0,5297.0,5286.0,5290.0,34070,994718,,5268.6,5265.7,5269.12,1.7
2025-02-19 22:45:00,5290.0,5296.0,5286.0,5295.0,22806,992849,,5270.6,5266.23,5269.82,2.0
2025-02-19 23:00:00,5295.0,5299.0,5294.0,5298.0,22672,990614,,5272.7,5266.7,5270.53,2.1
2025-02-20 09:15:00,5297.0,5297.0,5281.0,5283.0,48312,992876,,5273.9,5266.8,5271.43,1.2
2025-02-20 09:30:00,5283.0,5289.0,5282.0,5283.0,26690,993379,,5275.5,5267.3,5272.25,1.6
2025-02-20 09:45:00,5283.0,5292.0,5283.0,5290.0,20744,993906,,5277.35,5268.5,5272.6,1.85
2025-02-20 10:00:00,5290.0,5290.0,5283.0,5286.0,19074,995712,,5278.85,5269.43,5272.85,1.5
2025-02-20 10:15:00,5287.0,5288.0,5276.0,5288.0,36447,994642,,5280.6,5271.07,5273.15,1.75
2025-02-20 10:45:00,5287.0,5292.0,5280.0,5280.0,23686,995422,,5282.05,5272.33,5273.2,1.45
2025-02-20 11:00:00,5281.0,5281.0,5272.0,5274.0,43830,995757,,5283.35,5273.5,5273.25,1.3
2025-02-20 11:15:00,5274.0,5274.0,5248.0,5252.0,95145,990350,,5283.3,5273.37,5272.7,-0.05
2025-02-20 11:30:00,5252.0,5263.0,5245.0,5260.0,69015,988620,,5282.85,5273.53,5272.32,-0.45
2025-02-20 13:45:00,5260.0,5271.0,5260.0,5271.0,35981,989921,,5282.9,5274.03,5272.15,0.05
2025-02-20 14:00:00,5271.0,5274.0,5267.0,5272.0,25532,988276,,5283.05,5274.47,5272.03,0.15
2025-02-20 14:15:00,5272.0,5276.0,5268.0,5273.0,21128,987932,,5283.15,5275.2,5271.92,0.1
2025-02-20 14:30:00,5274.0,5282.0,5273.0,5282.0,30564,987537,,5282.75,5276.17,5271.93,-0.4
2025-02-20 14:45:00,5282.0,5289.0,5281.0,5284.0,44763,984632,,5282.25,5277.1,5272.13,-0.5
2025-02-20 15:00:00,5285.0,5294.0,5283.0,5290.0,46461,982084,,5282.05,5278.33,5272.45,-0.2
2025-02-20 21:15:00,5295.0,5312.0,5293.0,5294.0,103940,995003,,5282.0,5279.77,5272.75,-0.05
2025-02-20 21:30:00,5294.0,5305.0,5288.0,5302.0,46733,998820,,5282.35,5281.57,5273.1,0.35
2025-02-20 21:45:00,5303.0,5306.0,5293.0,5298.0,33532,1000060,,5282.75,5283.07,5273.35,0.4
2025-02-20 22:00:00,5298.0,5301.0,5292.0,5297.0,21109,1002323,,5282.85,5284.0,5273.52,0.1
2025-02-20 22:15:00,5297.0,5301.0,5289.0,5298.0,27991,1004172,,5282.85,5284.93,5273.75,0.0
2025-02-20 22:30:00,5297.0,5305.0,5297.0,5302.0,25650,1006864,,5283.8,5286.03,5274.22,0.95
2025-02-20 22:45:00,5302.0,5303.0,5296.0,5300.0,19578,1006841,,5284.65,5287.0,5274.65,0.85
2025-02-20 23:00:00,5300.0,5300.0,5295.0,5298.0,15972,1002970,,5285.05,5287.27,5275.02,0.4
2025-02-21 09:15:00,5299.0,5324.0,5299.0,5314.0,91708,1004290,,5286.45,5287.93,5275.67,1.4
2025-02-21 09:30:00,5314.0,5328.0,5312.0,5326.0,53074,1010503,,5288.35,5289.0,5276.65,1.9
2025-02-21 09:45:00,5326.0,5330.0,5313.0,5318.0,41017,1012702,,5290.25,5289.77,5277.35,1.9
2025-02-21 10:00:00,5319.0,5333.0,5318.0,5327.0,41243,1014052,,5292.9,5290.83,5278.15,2.65
2025-02-21 10:15:00,5328.0,5328.0,5304.0,5305.0,37968,1009220,,5295.55,5291.33,5278.52,2.65
2025-02-21 10:45:00,5305.0,5312.0,5296.0,5299.0,52098,1007660,,5297.5,5291.47,5278.85,1.95
2025-02-21 11:00:00,5299.0,5305.0,5298.0,5303.0,21899,1008241,,5299.1,5291.63,5279.17,1.6
2025-02-21 11:15:00,5303.0,5305.0,5292.0,5297.0,28429,1004544,,5300.35,5292.1,5279.45,1.25
2025-02-21 11:30:00,5295.0,5296.0,5283.0,5286.0,60017,998914,,5301.0,5292.2,5279.75,0.65
2025-02-21 13:45:00,5285.0,5290.0,5280.0,5285.0,31920,998639,,5301.15,5292.03,5280.27,0.15
2025-02-21 14:00:00,5288.0,5291.0,5275.0,5276.0,47812,998386,,5300.75,5291.7,5280.57,-0.4
2025-02-21 14:15:00,5275.0,5277.0,5263.0,5269.0,45887,1000472,,5299.7,5291.07,5281.07,-1.05
2025-02-21 14:30:00,5268.0,5277.0,5267.0,5277.0,26799,1002639,,5298.85,5290.97,5281.65,-0.85
2025-02-21 14:45:00,5277.0,5277.0,5264.0,5268.0,27494,1003160,,5297.15,5290.77,5282.13,-1.7
2025-02-21 15:00:00,5267.0,5273.0,5263.0,5263.0,33399,1000935,,5295.4,5291.13,5282.25,-1.75
2025-02-21 21:15:00,5259.0,5282.0,5255.0,5273.0,84797,1007475,,5294.2,5291.57,5282.55,-1.2
2025-02-21 21:30:00,5274.0,5277.0,5267.0,5275.0,31474,1011676,,5293.05,5291.7,5282.87,-1.15
2025-02-21 21:45:00,5275.0,5285.0,5273.0,5283.0,33242,1013621,,5292.1,5292.07,5283.27,-0.95
2025-02-21 22:00:00,5283.0,5288.0,5276.0,5277.0,25621,1012033,,5290.95,5292.2,5283.7,-1.15
2025-02-21 22:15:00,5278.0,5278.0,5272.0,5273.0,20403,1013518,,5289.7,5291.9,5284.03,-1.25
2025-02-21 22:30:00,5273.0,5274.0,5264.0,5265.0,26326,1014459,,5287.25,5291.27,5284.18,-2.45
2025-02-21 22:45:00,5265.0,5270.0,5264.0,5265.0,16774,1016122,,5284.2,5290.43,5284.38,-3.05
2025-02-21 23:00:00,5265.0,5271.0,5263.0,5266.0,22672,1010084,,5281.6,5289.5,5284.63,-2.6
2025-02-24 09:15:00,5264.0,5266.0,5252.0,5262.0,33363,1012857,,5278.35,5288.17,5284.87,-3.25
2025-02-24 09:30:00,5263.0,5269.0,5258.0,5264.0,29855,1014225,,5276.3,5287.03,5285.05,-2.05
2025-02-24 09:45:00,5263.0,5267.0,5260.0,5266.0,18260,1016569,,5274.65,5286.0,5285.0,-1.65
2025-02-24 10:00:00,5265.0,5271.0,5259.0,5262.0,18124,1019859,,5272.6,5284.8,5284.87,-2.05
2025-02-24 10:15:00,5261.0,5275.0,5254.0,5273.0,24773,1021011,,5271.4,5283.83,5284.93,-1.2
2025-02-24 10:45:00,5272.0,5275.0,5265.0,5270.0,977311,1021788,,5270.6,5282.83,5284.92,-0.8
2025-02-24 11:00:00,5270.0,5272.0,5265.0,5268.0,510721,1022950,,5269.75,5281.83,5284.55,-0.85
2025-02-24 11:15:00,5267.0,5267.0,5260.0,5262.0,21780,1025352,,5269.05,5280.1,5284.02,-0.7
2025-02-24 11:30:00,5263.0,5266.0,5252.0,5259.0,28605,1027747,,5268.55,5277.87,5283.43,-0.5
2025-02-24 13:45:00,5258.0,5261.0,5253.0,5253.0,20076,1030837,,5267.35,5275.7,5282.73,-1.2
2025-02-24 14:00:00,5253.0,5256.0,5235.0,5241.0,86299,1037905,,5266.0,5272.83,5281.83,-1.35
2025-02-24 14:15:00,5241.0,5247.0,5235.0,5244.0,37503,1035686,,5265.05,5270.8,5281.07,-0.95
2025-02-24 14:30:00,5243.0,5252.0,5239.0,5247.0,32488,1031314,,5263.75,5269.07,5280.27,-1.3
2025-02-24 14:45:00,5247.0,5253.0,5246.0,5249.0,29355,1026098,,5262.45,5267.27,5279.45,-1.3
2025-02-24 15:00:00,5249.0,5256.0,5249.0,5255.0,30696,1019835,,5261.05,5265.87,5278.98,-1.4
2025-02-24 21:15:00,5255.0,5264.0,5250.0,5252.0,48061,1024673,,5259.8,5264.73,5278.47,-1.25
2025-02-24 21:30:00,5253.0,5254.0,5248.0,5253.0,19389,1026413,,5258.8,5263.67,5277.85,-1.0
2025-02-24 21:45:00,5252.0,5260.0,5250.0,5256.0,24499,1027536,,5258.35,5263.0,5277.35,-0.45
2025-02-24 22:00:00,5256.0,5262.0,5256.0,5257.0,20667,1028252,,5257.95,5262.6,5276.83,-0.4
2025-02-24 22:15:00,5257.0,5263.0,5257.0,5263.0,21885,1026846,,5257.8,5262.13,5276.55,-0.15
2025-02-24 22:30:00,5263.0,5264.0,5259.0,5262.0,16028,1025371,,5257.8,5261.93,5276.35,0.0
2025-02-24 22:45:00,5262.0,5266.0,5260.0,5265.0,16575,1022820,,5257.85,5262.0,5276.57,0.05
2025-02-24 23:00:00,5264.0,5266.0,5255.0,5258.0,26024,1017707,,5257.45,5261.5,5276.53,-0.4
2025-02-25 09:15:00,5257.0,5258.0,5244.0,5251.0,49716,1017561,,5256.9,5260.7,5276.2,-0.55
2025-02-25 09:30:00,5251.0,5252.0,5240.0,5241.0,36301,1021629,,5255.3,5259.3,5275.68,-1.6
2025-02-25 09:45:00,5240.0,5240.0,5213.0,5213.0,115606,1032267,,5252.45,5257.17,5274.68,-2.85
2025-02-25 10:00:00,5214.0,5225.0,5212.0,5222.0,471309,1033283,,5250.15,5255.47,5273.68,-2.3
2025-02-25 10:15:00,5221.0,5224.0,5215.0,5216.0,22711,1034945,,5247.85,5253.83,5272.55,-2.3
2025-02-25 10:45:00,5217.0,5231.0,5214.0,5224.0,38306,1032469,,5246.1,5252.47,5271.45,-1.75
2025-02-25 11:00:00,5225.0,5225.0,5218.0,5224.0,18838,1034968,,5244.65,5251.07,5270.28,-1.45
2025-02-25 11:15:00,5223.0,5231.0,5222.0,5227.0,24583,1034188,,5243.95,5249.9,5269.03,-0.7
2025-02-25 11:30:00,5226.0,5232.0,5221.0,5222.0,22547,1032979,,5242.85,5248.5,5267.77,-1.1
2025-02-25 13:45:00,5226.0,5226.0,5210.0,5211.0,42377,1041409,,5241.05,5246.67,5266.33,-1.8
2025-02-25 14:00:00,5210.0,5214.0,5207.0,5211.0,36576,1047463,,5239.15,5244.97,5264.88,-1.9
2025-02-25 14:15:00,5212.0,5217.0,5208.0,5216.0,27404,1047290,,5237.2,5243.07,5263.45,-1.95
2025-02-25 14:30:00,5214.0,5223.0,5212.0,5217.0,25552,1043408,,5235.45,5241.3,5262.07,-1.75
2025-02-25 14:45:00,5216.0,5220.0,5211.0,5213.0,746608,1042117,,5233.45,5239.47,5260.65,-2.0
2025-02-25 15:00:00,5214.0,5215.0,5208.0,5211.0,34022,1037242,,5231.2,5237.77,5258.93,-2.25
2025-02-25 21:15:00,5208.0,5220.0,5205.0,5212.0,60356,1041076,,5228.95,5236.2,5257.03,-2.25
2025-02-25 21:30:00,5212.0,5216.0,5207.0,5211.0,22130,1041655,,5226.35,5234.8,5255.25,-2.6
2025-02-25 21:45:00,5212.0,5216.0,5197.0,5199.0,43723,1044493,,5223.2,5233.4,5253.12,-3.15
2025-02-25 22:00:00,5198.0,5209.0,5198.0,5208.0,28781,1045090,,5220.35,5232.2,5251.5,-2.85
2025-02-25 22:15:00,5208.0,5218.0,5207.0,5218.0,35483,1039970,,5218.35,5231.23,5250.15,-2.0
2025-02-25 22:30:00,5218.0,5222.0,5215.0,5216.0,22593,1039153,,5216.6,5230.13,5248.7,-1.75
2025-02-25 22:45:00,5216.0,5217.0,5205.0,5211.0,25153,1035970,,5215.1,5228.67,5247.27,-1.5
2025-02-25 23:00:00,5210.0,5213.0,5205.0,5209.0,18115,1033363,,5214.9,5227.23,5245.98,-0.2
2025-02-26 09:15:00,5206.0,5209.0,5192.0,5197.0,54344,1031518,,5213.65,5225.37,5244.52,-1.25
2025-02-26 09:30:00,5196.0,5197.0,5187.0,5194.0,41887,1033549,,5212.55,5223.3,5243.15,-1.1
2025-02-26 09:45:00,5193.0,5200.0,5190.0,5198.0,24857,1034709,,5211.25,5221.33,5241.97,-1.3
2025-02-26 10:00:00,5199.0,5204.0,5186.0,5189.0,31093,1035634,,5209.5,5218.87,5240.5,-1.75
2025-02-26 10:15:00,5187.0,5189.0,5162.0,5162.0,95175,1052026,,5206.25,5215.53,5238.73,-3.25
2025-02-26 10:45:00,5162.0,5179.0,5160.0,5169.0,50873,1053337,,5203.6,5212.33,5237.17,-2.65
2025-02-26 11:00:00,5168.0,5181.0,5160.0,5181.0,38951,1055656,,5202.1,5209.77,5235.63,-1.5
2025-02-26 11:15:00,5180.0,5194.0,5174.0,5176.0,27696,1051869,,5200.35,5207.27,5233.98,-1.75
2025-02-26 11:30:00,5173.0,5179.0,5166.0,5174.0,15554,1054187,,5198.25,5205.03,5232.17,-2.1
2025-02-26 13:45:00,5177.0,5183.0,5173.0,5182.0,14656,1053620,,5196.5,5204.0,5230.58,-1.75
2025-02-26 14:00:00,5182.0,5184.0,5177.0,5179.0,13061,1053862,,5194.8,5202.57,5229.02,-1.7
2025-02-26 14:15:00,5179.0,5183.0,5173.0,5175.0,15130,1054889,,5193.0,5201.2,5227.52,-1.8
2025-02-26 14:30:00,5174.0,5183.0,5171.0,5177.0,21621,1056379,,5191.25,5199.63,5226.05,-1.75
2025-02-26 14:45:00,5177.0,5177.0,5170.0,5171.0,20667,1057010,,5189.25,5197.87,5224.47,-2.0
2025-02-26 15:00:00,5170.0,5174.0,5165.0,5167.0,25950,1054474,,5187.65,5195.87,5222.88,-1.6
2025-02-26 21:15:00,5171.0,5176.0,5168.0,5169.0,47571,1063595,,5185.7,5194.1,5221.3,-1.95
2025-02-26 21:30:00,5170.0,5174.0,5166.0,5169.0,22498,1066241,,5183.25,5192.7,5219.68,-2.45
2025-02-26 21:45:00,5170.0,5181.0,5169.0,5176.0,27844,1066181,,5181.25,5191.53,5218.25,-2.0
2025-02-26 22:00:00,5176.0,5180.0,5175.0,5177.0,13454,1065212,,5179.55,5190.23,5216.65,-1.7
2025-02-26 22:15:00,5176.0,5185.0,5176.0,5177.0,20314,1065068,,5177.95,5188.9,5215.1,-1.6
2025-02-26 22:30:00,5177.0,5182.0,5176.0,5182.0,9175,1064947,,5177.2,5187.87,5213.67,-0.75
2025-02-26 22:45:00,5182.0,5185.0,5178.0,5181.0,17491,1063543,,5176.55,5186.87,5212.32,-0.65
2025-02-26 23:00:00,5181.0,5188.0,5180.0,5182.0,21772,1058061,,5175.75,5185.87,5211.03,-0.8
2025-02-27 09:15:00,5180.0,5185.0,5174.0,5179.0,23154,1058568,,5175.25,5184.8,5209.8,-0.5
2025-02-27 09:30:00,5179.0,5181.0,5172.0,5175.0,19038,1060408,,5175.9,5184.0,5208.7,0.65
2025-02-27 09:45:00,5176.0,5183.0,5174.0,5175.0,22906,1062917,,5176.2,5182.9,5207.55,0.3
2025-02-27 10:00:00,5175.0,5176.0,5165.0,5170.0,34016,1067945,,5175.65,5181.3,5206.27,-0.55
2025-02-27 10:15:00,5168.0,5169.0,5155.0,5157.0,40748,1072240,,5174.7,5179.33,5204.73,-0.95
2025-02-27 10:45:00,5156.0,5168.0,5151.0,5155.0,55446,1076833,,5173.75,5177.47,5203.07,-0.95
2025-02-27 11:00:00,5154.0,5159.0,5150.0,5154.0,29832,1082477,,5172.35,5175.63,5201.43,-1.4
2025-02-27 11:15:00,5154.0,5163.0,5153.0,5160.0,24977,1084529,,5171.4,5174.4,5199.88,-0.95
2025-02-27 11:30:00,5160.0,5172.0,5156.0,5171.0,28410,1080096,,5171.2,5173.63,5198.47,-0.2
2025-02-27 13:45:00,5171.0,5172.0,5162.0,5164.0,28961,1082343,,5170.55,5172.5,5196.92,-0.65
2025-02-27 14:00:00,5163.0,5177.0,5163.0,5177.0,30533,1084345,,5170.85,5172.1,5195.48,0.3
2025-02-27 14:15:00,5176.0,5195.0,5174.0,5191.0,643537,1076586,,5172.05,5173.07,5194.3,1.2
2025-02-27 14:30:00,5192.0,5197.0,5186.0,5189.0,43089,1067622,,5173.05,5173.73,5193.03,1.0
2025-02-27 14:45:00,5189.0,5200.0,5189.0,5194.0,35408,1063025,,5174.3,5174.17,5191.97,1.25
2025-02-27 15:00:00,5196.0,5198.0,5189.0,5190.0,28135,1056617,,5175.0,5174.63,5190.95,0.7
2025-02-27 21:15:00,5199.0,5200.0,5187.0,5190.0,62712,1060212,,5175.65,5175.17,5190.1,0.65
2025-02-27 21:30:00,5191.0,5193.0,5181.0,5182.0,37687,1065265,,5175.9,5175.17,5189.58,0.25
2025-02-27 21:45:00,5183.0,5194.0,5183.0,5193.0,23257,1063122,,5176.45,5175.63,5189.1,0.55
2025-02-27 22:00:00,5192.0,5194.0,5185.0,5186.0,21401,1064641,,5176.7,5176.0,5188.6,0.25
2025-02-27 22:15:00,5186.0,5193.0,5185.0,5190.0,15975,1063633,,5177.1,5176.43,5188.03,0.4
2025-02-27 22:30:00,5190.0,5196.0,5185.0,5188.0,24002,1062565,,5177.55,5177.0,5187.43,0.45
2025-02-27 22:45:00,5188.0,5191.0,5186.0,5189.0,10560,1062957,,5178.25,5177.73,5186.8,0.7
2025-02-27 23:00:00,5189.0,5193.0,5186.0,5189.0,15850,1059744,,5178.95,5178.4,5186.25,0.7
2025-02-28 09:15:00,5189.0,5191.0,5176.0,5176.0,41205,1063331,,5179.25,5178.63,5185.67,0.3
2025-02-28 09:30:00,5176.0,5180.0,5172.0,5178.0,25285,1067006,,5180.3,5178.7,5185.12,1.05
2025-02-28 09:45:00,5177.0,5186.0,5176.0,5183.0,20163,1066832,,5181.7,5178.9,5184.57,1.4
2025-02-28 10:00:00,5183.0,5193.0,5182.0,5190.0,348705,1065068,,5183.5,5179.33,5184.12,1.8
2025-02-28 10:15:00,5189.0,5198.0,5185.0,5194.0,33831,1063027,,5185.2,5179.73,5183.8,1.7
2025-02-28 10:45:00,5194.0,5208.0,5192.0,5196.0,41861,1056925,,5186.45,5180.23,5183.55,1.25
2025-02-28 11:00:00,5196.0,5197.0,5189.0,5191.0,24188,1056617,,5187.8,5180.53,5183.2,1.35
2025-02-28 11:15:00,5192.0,5196.0,5188.0,5194.0,17032,1057457,,5188.65,5181.03,5182.92,0.85
2025-02-28 11:30:00,5194.0,5198.0,5183.0,5184.0,25777,1055437,,5188.3,5181.33,5182.67,-0.35
2025-02-28 13:45:00,5183.0,5189.0,5172.0,5187.0,56973,1060017,,5188.2,5181.73,5182.32,-0.1
2025-02-28 14:00:00,5186.0,5195.0,5181.0,5189.0,555950,1061677,,5187.95,5182.37,5181.83,-0.25
2025-02-28 14:15:00,5189.0,5189.0,5172.0,5174.0,35473,1064388,,5187.15,5182.93,5181.13,-0.8
2025-02-28 14:30:00,5175.0,5184.0,5166.0,5178.0,56194,1062318,,5186.55,5183.7,5180.58,-0.6
2025-02-28 14:45:00,5177.0,5182.0,5174.0,5180.0,24764,1061893,,5186.45,5184.57,5180.1,-0.1
2025-02-28 15:00:00,5179.0,5189.0,5178.0,5180.0,36009,1052824,,5185.8,5185.23,5179.82,-0.65
2025-02-28 21:15:00,5177.0,5204.0,5176.0,5203.0,76766,1053459,,5186.65,5186.3,5179.97,0.85
2025-02-28 21:30:00,5203.0,5204.0,5189.0,5190.0,34644,1055127,,5186.65,5187.17,5179.83,0.0
2025-02-28 21:45:00,5191.0,5194.0,5184.0,5185.0,27240,1057701,,5186.5,5187.43,5179.77,-0.15
2025-02-28 22:00:00,5186.0,5193.0,5182.0,5189.0,26854,1059652,,5186.5,5187.37,5180.22,0.0
2025-02-28 22:15:00,5189.0,5196.0,5189.0,5192.0,19366,1057223,,5186.65,5187.47,5180.6,0.15
2025-02-28 22:30:00,5192.0,5193.0,5186.0,5189.0,11575,1056410,,5187.3,5187.3,5180.73,0.65
2025-02-28 22:45:00,5188.0,5190.0,5177.0,5178.0,25140,1059193,,5187.3,5186.9,5180.77,0.0
2025-02-28 23:00:00,5177.0,5181.0,5175.0,5179.0,26582,1056014,,5187.1,5186.53,5180.85,-0.2
2025-03-03 09:15:00,5182.0,5220.0,5182.0,5216.0,98813,1041161,,5188.4,5187.67,5181.42,1.3
2025-03-03 09:30:00,5216.0,5234.0,5212.0,5228.0,81852,1028089,,5190.1,5188.83,5182.23,1.7
2025-03-03 09:45:00,5228.0,5236.0,5222.0,5233.0,42587,1025872,,5191.95,5190.4,5183.2,1.85
2025-03-03 10:00:00,5234.0,5245.0,5233.0,5239.0,41714,1023845,,5194.35,5192.03,5184.23,2.4
2025-03-03 10:15:00,5241.0,5245.0,5236.0,5237.0,32216,1019977,,5196.5,5193.67,5185.33,2.15
2025-03-03 10:45:00,5237.0,5243.0,5235.0,5240.0,27760,1019918,,5199.3,5195.37,5186.55,2.8
2025-03-03 11:00:00,5240.0,5243.0,5235.0,5241.0,23303,1017499,,5202.0,5197.1,5187.75,2.7
2025-03-03 11:15:00,5240.0,5245.0,5230.0,5238.0,39060,1014145,,5204.45,5199.17,5188.9,2.45
2025-03-03 11:30:00,5239.0,5244.0,5232.0,5239.0,27016,1011897,,5207.7,5201.2,5189.95,3.25
2025-03-03 13:45:00,5237.0,5244.0,5234.0,5236.0,22716,1010967,,5210.6,5202.97,5190.93,2.9
2025-03-03 14:00:00,5236.0,5236.0,5226.0,5232.0,30851,1009634,,5213.2,5204.37,5191.85,2.6
2025-03-03 14:15:00,5231.0,5233.0,5226.0,5233.0,23980,1007054,,5215.85,5205.67,5192.7,2.65
2025-03-03 14:30:00,5232.0,5236.0,5226.0,5232.0,26397,1005026,,5217.3,5206.87,5193.55,1.45
2025-03-03 14:45:00,5232.0,5235.0,5228.0,5232.0,26622,1000305,,5219.4,5208.23,5194.38,2.1
2025-03-03 15:00:00,5232.0,5234.0,5225.0,5228.0,34019,993779,,5221.55,5209.37,5195.2,2.15
2025-03-03 21:15:00,5235.0,5235.0,5219.0,5227.0,53155,1000613,,5223.45,5210.8,5196.07,1.9
2025-03-03 21:30:00,5227.0,5227.0,5215.0,5215.0,35363,1005371,,5224.6,5211.73,5196.73,1.15
2025-03-03 21:45:00,5215.0,5222.0,5211.0,5220.0,35955,1006325,,5226.15,5212.77,5197.57,1.55
2025-03-03 22:00:00,5220.0,5228.0,5219.0,5225.0,23537,1006125,,5228.5,5214.47,5198.7,2.35
2025-03-03 22:15:00,5226.0,5227.0,5221.0,5224.0,12519,1006113,,5230.75,5216.0,5199.85,2.25
2025-03-03 22:30:00,5223.0,5229.0,5223.0,5225.0,14248,1005354,,5231.2,5217.5,5201.03,0.45
2025-03-03 22:45:00,5225.0,5229.0,5221.0,5222.0,15574,1004645,,5230.9,5218.9,5202.07,-0.3
2025-03-03 23:00:00,5222.0,5227.0,5221.0,5223.0,13322,1001887,,5230.4,5219.57,5202.93,-0.5
2025-03-04 09:15:00,5217.0,5217.0,5195.0,5198.0,98253,1006840,,5228.35,5219.83,5203.5,-2.05
2025-03-04 09:30:00,5199.0,5207.0,5197.0,5202.0,33432,1004954,,5226.6,5220.4,5203.92,-1.75
2025-03-04 09:45:00,5202.0,5205.0,5182.0,5185.0,51233,1008904,,5223.85,5220.27,5203.82,-2.75
2025-03-04 10:00:00,5183.0,5189.0,5183.0,5186.0,27793,1016520,,5221.1,5220.07,5203.77,-2.75
2025-03-04 10:15:00,5184.0,5188.0,5178.0,5184.0,28255,1021228,,5218.4,5219.9,5203.6,-2.7
2025-03-04 10:45:00,5183.0,5187.0,5179.0,5185.0,18918,1023179,,5215.7,5220.13,5203.52,-2.7
2025-03-04 11:00:00,5186.0,5194.0,5181.0,5190.0,30634,1021562,,5213.4,5220.5,5203.52,-2.3
2025-03-04 11:15:00,5189.0,5195.0,5189.0,5191.0,21570,1020007,,5211.35,5219.67,5203.67,-2.05
2025-03-04 11:30:00,5191.0,5196.0,5188.0,5188.0,21873,1018646,,5209.1,5218.33,5203.58,-2.25
2025-03-04 13:45:00,5188.0,5198.0,5187.0,5196.0,25665,1015417,,5207.3,5217.1,5203.75,-1.8
2025-03-04 14:00:00,5195.0,5196.0,5188.0,5193.0,18036,1016175,,5205.35,5215.57,5203.8,-1.95
2025-03-04 14:15:00,5192.0,5198.0,5189.0,5191.0,25422,1015565,,5203.5,5214.03,5203.85,-1.85
2025-03-04 14:30:00,5190.0,5195.0,5188.0,5194.0,16776,1016135,,5201.85,5212.5,5203.93,-1.65
2025-03-04 14:45:00,5194.0,5195.0,5189.0,5190.0,14846,1015833,,5200.6,5210.8,5203.95,-1.25
2025-03-04 15:00:00,5191.0,5191.0,5184.0,5185.0,27057,1014520,,5198.85,5209.03,5204.1,-1.75
2025-03-04 21:15:00,5177.0,5177.0,5152.0,5155.0,101117,1029724,,5195.35,5206.23,5203.72,-3.5
2025-03-04 21:30:00,5155.0,5159.0,5135.0,5138.0,100415,1050230,,5191.05,5202.97,5202.97,-4.3
2025-03-04 21:45:00,5137.0,5142.0,5133.0,5139.0,55633,1064475,,5186.75,5199.87,5202.12,-4.3
2025-03-04 22:00:00,5139.0,5143.0,5137.0,5140.0,25104,1063804,,5182.65,5196.77,5201.22,-4.1
2025-03-04 22:15:00,5140.0,5149.0,5139.0,5143.0,28544,1064695,,5178.65,5193.8,5200.33,-4.0
2025-03-04 22:30:00,5143.0,5151.0,5143.0,5149.0,15372,1062561,,5176.2,5191.03,5199.63,-2.45
2025-03-04 22:45:00,5147.0,5148.0,5141.0,5141.0,14209,1062006,,5173.15,5188.13,5198.75,-3.05
2025-03-04 23:00:00,5141.0,5141.0,5130.0,5132.0,34013,1061045,,5170.5,5184.97,5197.88,-2.65
2025-03-05 09:15:00,5137.0,5141.0,5113.0,5116.0,85122,1078659,,5167.0,5181.67,5196.7,-3.5
2025-03-05 09:30:00,5116.0,5116.0,5105.0,5108.0,63112,1091484,,5163.2,5177.93,5195.35,-3.8
2025-03-05 09:45:00,5107.0,5114.0,5106.0,5113.0,29793,1093427,,5159.6,5174.2,5194.33,-3.6
2025-03-05 10:00:00,5112.0,5114.0,5106.0,5109.0,21030,1097585,,5155.55,5170.37,5193.18,-4.05
2025-03-05 10:15:00,5108.0,5117.0,5108.0,5117.0,24047,1096123,,5151.85,5166.77,5192.13,-3.7
2025-03-05 10:45:00,5118.0,5134.0,5118.0,5123.0,48659,1089434,,5148.6,5163.47,5191.18,-3.25
2025-03-05 11:00:00,5123.0,5127.0,5109.0,5112.0,29069,1090322,,5144.4,5159.77,5189.67,-4.2
2025-03-05 11:15:00,5111.0,5115.0,5109.0,5114.0,15223,1092108,,5140.45,5156.97,5188.4,-3.95
2025-03-05 11:30:00,5116.0,5128.0,5112.0,5124.0,761252,1090152,,5137.1,5154.37,5187.38,-3.35
2025-03-05 13:45:00,5125.0,5127.0,5117.0,5121.0,23040,1092211,,5133.45,5152.23,5186.25,-3.65
2025-03-05 14:00:00,5121.0,5130.0,5117.0,5127.0,21249,1091447,,5130.3,5150.27,5185.17,-3.15
2025-03-05 14:15:00,5128.0,5131.0,5121.0,5125.0,18426,1091919,,5127.3,5148.3,5184.1,-3.0
2025-03-05 14:30:00,5125.0,5126.0,5112.0,5113.0,26347,1096345,,5125.2,5145.9,5183.02,-2.1
2025-03-05 14:45:00,5114.0,5114.0,5108.0,5111.0,873129,1100402,,5123.85,5143.27,5181.88,-1.35
2025-03-05 15:00:00,5112.0,5113.0,5105.0,5109.0,41096,1099596,,5122.35,5140.53,5180.1,-1.5
2025-03-05 21:15:00,5111.0,5116.0,5101.0,5109.0,64347,1102646,,5120.8,5137.9,5178.12,-1.55
2025-03-05 21:30:00,5110.0,5118.0,5109.0,5112.0,27692,1101312,,5119.25,5135.1,5176.1,-1.55
2025-03-05 21:45:00,5111.0,5116.0,5106.0,5113.0,24089,1102600,,5117.45,5132.43,5174.0,-1.8
2025-03-05 22:00:00,5112.0,5115.0,5108.0,5113.0,13326,1101821,,5116.05,5129.83,5171.93,-1.4
2025-03-05 22:15:00,5114.0,5121.0,5112.0,5118.0,24029,1102936,,5115.35,5127.3,5169.9,-0.7
2025-03-05 22:30:00,5118.0,5122.0,5113.0,5114.0,22718,1103726,,5115.25,5124.77,5167.78,-0.1
2025-03-05 22:45:00,5113.0,5115.0,5091.0,5094.0,54508,1107062,,5114.55,5121.73,5165.38,-0.7
2025-03-05 23:00:00,5092.0,5097.0,5086.0,5093.0,42667,1100909,,5113.55,5119.67,5162.95,-1.0
2025-03-06 09:15:00,5096.0,5112.0,5096.0,5112.0,43427,1098405,,5113.7,5118.8,5160.88,0.15
2025-03-06 09:30:00,5114.0,5118.0,5109.0,5116.0,27740,1099308,,5113.65,5118.03,5158.95,-0.05
2025-03-06 09:45:00,5118.0,5122.0,5110.0,5113.0,24544,1101418,,5113.15,5117.13,5156.95,-0.5
2025-03-06 10:00:00,5112.0,5125.0,5111.0,5119.0,25313,1102754,,5113.5,5116.33,5155.07,0.35
2025-03-06 10:15:00,5119.0,5128.0,5117.0,5122.0,15663,1101569,,5113.9,5115.43,5153.23,0.4
2025-03-06 10:45:00,5122.0,5122.0,5110.0,5112.0,19282,1104154,,5113.3,5114.47,5151.3,-0.6
2025-03-06 11:00:00,5112.0,5118.0,5110.0,5115.0,14689,1105565,,5113.0,5113.9,5149.43,-0.3
2025-03-06 11:15:00,5115.0,5122.0,5114.0,5115.0,483554,1104460,,5112.4,5113.87,5147.77,-0.6
2025-03-06 11:30:00,5115.0,5121.0,5106.0,5119.0,20003,1103066,,5112.1,5114.23,5146.08,-0.3
2025-03-06 13:45:00,5118.0,5123.0,5111.0,5112.0,19191,1102628,,5112.05,5114.2,5144.2,-0.05
2025-03-06 14:00:00,5113.0,5116.0,5105.0,5107.0,28440,1103105,,5111.85,5114.13,5142.25,-0.2
2025-03-06 14:15:00,5108.0,5122.0,5105.0,5121.0,24308,1102980,,5112.45,5114.27,5140.52,0.6
2025-03-06 14:30:00,5120.0,5141.0,5119.0,5138.0,70781,1091838,,5113.9,5114.77,5139.12,1.45
2025-03-06 14:45:00,5137.0,5144.0,5132.0,5135.0,33818,1086928,,5115.05,5115.53,5137.65,1.15
2025-03-06 15:00:00,5136.0,5140.0,5134.0,5135.0,24162,1082554,,5116.15,5116.23,5136.6,1.1
2025-03-06 21:15:00,5132.0,5135.0,5112.0,5113.0,67167,1086745,,5116.15,5115.87,5135.12,0.0
2025-03-06 21:30:00,5114.0,5121.0,5112.0,5119.0,28695,1088856,,5116.2,5115.8,5134.02,0.05
2025-03-06 21:45:00,5119.0,5124.0,5117.0,5117.0,21695,1089106,,5116.35,5115.47,5132.87,0.15
2025-03-06 22:00:00,5117.0,5119.0,5111.0,5116.0,22303,1093949,,5117.45,5115.17,5131.73,1.1
2025-03-06 22:15:00,5116.0,5120.0,5112.0,5114.0,18356,1097072,,5118.5,5115.2,5130.55,1.05
2025-03-06 22:30:00,5113.0,5119.0,5112.0,5114.0,13169,1098537,,5118.6,5115.3,5129.28,0.1
2025-03-06 22:45:00,5114.0,5120.0,5109.0,5120.0,23654,1099157,,5118.8,5115.67,5128.1,0.2
2025-03-06 23:00:00,5120.0,5126.0,5119.0,5122.0,26916,1092952,,5119.25,5116.1,5127.0,0.45
2025-03-07 09:15:00,5122.0,5122.0,5102.0,5108.0,46831,1099295,,5118.7,5115.97,5125.53,-0.55
2025-03-07 09:30:00,5108.0,5115.0,5106.0,5111.0,18338,1099698,,5118.15,5115.9,5124.17,-0.55
2025-03-07 09:45:00,5111.0,5120.0,5107.0,5117.0,26283,1100228,,5118.4,5116.03,5122.93,0.25
2025-03-07 10:00:00,5117.0,5120.0,5113.0,5118.0,347053,1099964,,5118.55,5116.03,5121.67,0.15
2025-03-07 10:15:00,5118.0,5126.0,5115.0,5123.0,20731,1098007,,5118.95,5116.33,5120.55,0.4
2025-03-07 10:45:00,5123.0,5132.0,5117.0,5128.0,25345,1097836,,5119.4,5117.47,5119.6,0.45
2025-03-07 11:00:00,5128.0,5130.0,5122.0,5125.0,19367,1098591,,5120.05,5118.53,5119.1,0.65
2025-03-07 11:15:00,5125.0,5134.0,5123.0,5126.0,19761,1096151,,5121.0,5119.0,5118.9,0.95
2025-03-07 11:30:00,5125.0,5130.0,5122.0,5124.0,15258,1094681,,5121.15,5119.27,5118.65,0.15
2025-03-07 13:45:00,5126.0,5126.0,5115.0,5116.0,463721,1094805,,5120.05,5119.37,5118.25,-1.1
2025-03-07 14:00:00,5116.0,5122.0,5113.0,5117.0,21143,1095978,,5119.15,5119.3,5117.82,-0.9
2025-03-07 14:15:00,5117.0,5120.0,5103.0,5105.0,40675,1103894,,5117.65,5118.73,5117.08,-1.5
2025-03-07 14:30:00,5105.0,5118.0,5105.0,5113.0,27464,1102136,,5117.65,5118.77,5116.62,0.0
2025-03-07 14:45:00,5114.0,5117.0,5108.0,5111.0,20664,1100337,,5117.25,5118.63,5116.27,-0.4
2025-03-07 15:00:00,5111.0,5117.0,5108.0,5111.0,25386,1094153,,5116.95,5118.5,5116.18,-0.3
2025-03-07 21:15:00,5117.0,5121.0,5107.0,5114.0,50640,1098971,,5116.85,5118.33,5116.28,-0.1
2025-03-07 21:30:00,5115.0,5120.0,5108.0,5112.0,28406,1099498,,5116.75,5118.33,5116.27,-0.1
2025-03-07 21:45:00,5111.0,5124.0,5111.0,5119.0,33474,1099897,,5117.0,5118.73,5116.43,0.25
2025-03-07 22:00:00,5119.0,5122.0,5117.0,5118.0,10510,1099940,,5116.9,5118.63,5116.45,-0.1
2025-03-07 22:15:00,5117.0,5128.0,5117.0,5121.0,26414,1096500,,5116.85,5118.07,5116.42,-0.05
2025-03-07 22:30:00,5122.0,5128.0,5121.0,5126.0,16992,1094408,,5117.75,5117.77,5116.65,0.9
2025-03-07 22:45:00,5125.0,5129.0,5121.0,5123.0,17025,1092540,,5118.35,5117.37,5116.8,0.6
2025-03-07 23:00:00,5124.0,5136.0,5121.0,5135.0,26612,1085858,,5119.25,5118.1,5116.98,0.9
2025-03-10 09:15:00,5135.0,5143.0,5125.0,5140.0,66179,1085076,,5120.35,5118.8,5117.3,1.1
2025-03-10 09:30:00,5139.0,5141.0,5125.0,5125.0,29024,1087909,,5120.45,5119.07,5117.27,0.1
2025-03-10 09:45:00,5126.0,5129.0,5117.0,5117.0,22084,1088881,,5119.9,5119.1,5117.13,-0.55
2025-03-10 10:00:00,5118.0,5123.0,5116.0,5119.0,18591,1089616,,5119.6,5119.27,5117.23,-0.3
2025-03-10 10:15:00,5119.0,5123.0,5112.0,5115.0,23044,1090247,,5119.05,5119.3,5117.3,-0.55
2025-03-10 10:45:00,5115.0,5131.0,5115.0,5118.0,26208,1088543,,5118.75,5119.23,5117.45,-0.3
2025-03-10 11:00:00,5118.0,5120.0,5113.0,5114.0,18711,1091952,,5118.65,5118.97,5117.53,-0.1
2025-03-10 11:15:00,5114.0,5120.0,5112.0,5118.0,15403,1093360,,5118.7,5119.3,5117.63,0.05
2025-03-10 11:30:00,5117.0,5120.0,5096.0,5097.0,52886,1101885,,5118.3,5118.83,5117.37,-0.4
2025-03-10 13:45:00,5095.0,5100.0,5091.0,5094.0,33562,1108274,,5117.35,5118.07,5117.05,-0.95
2025-03-10 14:00:00,5094.0,5095.0,5082.0,5091.0,45480,1113783,,5116.35,5117.17,5116.6,-1.0
2025-03-10 14:15:00,5090.0,5095.0,5086.0,5094.0,639891,1114581,,5115.5,5116.2,5116.27,-0.85
2025-03-10 14:30:00,5095.0,5096.0,5085.0,5088.0,16692,1115625,,5114.2,5114.87,5116.17,-1.3
2025-03-10 14:45:00,5088.0,5094.0,5074.0,5075.0,24671,1121299,,5112.35,5113.2,5115.87,-1.85
2025-03-10 15:00:00,5075.0,5082.0,5067.0,5082.0,45340,1116394,,5110.5,5111.73,5115.37,-1.85
2025-03-10 21:15:00,5081.0,5086.0,5075.0,5076.0,45886,1122809,,5108.4,5110.13,5114.7,-2.1
2025-03-10 21:30:00,5076.0,5083.0,5072.0,5082.0,23469,1124858,,5106.45,5109.0,5114.18,-1.95
2025-03-10 21:45:00,5082.0,5089.0,5079.0,5087.0,24080,1124755,,5104.5,5108.0,5113.65,-1.95
2025-03-10 22:00:00,5086.0,5089.0,5077.0,5081.0,19216,1124403,,5102.4,5107.2,5112.97,-2.1
2025-03-10 22:15:00,5080.0,5088.0,5078.0,5087.0,13878,1123860,,5100.0,5106.33,5112.55,-2.4
2025-03-10 22:30:00,5088.0,5092.0,5084.0,5090.0,17532,1121821,,5097.5,5105.63,5112.13,-2.5
2025-03-10 22:45:00,5089.0,5092.0,5085.0,5088.0,13947,1120063,,5095.65,5104.87,5111.68,-1.85
2025-03-10 23:00:00,5088.0,5089.0,5081.0,5084.0,13662,1117235,,5094.0,5103.87,5111.1,-1.65
2025-03-11 09:15:00,5077.0,5077.0,5058.0,5067.0,52262,1122925,,5091.4,5102.37,5110.35,-2.6
2025-03-11 09:30:00,5067.0,5075.0,5066.0,5070.0,16759,1123537,,5089.15,5100.73,5109.73,-2.25
2025-03-11 09:45:00,5070.0,5079.0,5069.0,5074.0,16019,1124242,,5086.95,5099.27,5108.95,-2.2
2025-03-11 10:00:00,5073.0,5085.0,5071.0,5083.0,19247,1122906,,5085.4,5098.0,5108.03,-1.55
2025-03-11 10:15:00,5083.0,5088.0,5078.0,5080.0,19078,1123807,,5083.5,5096.47,5107.12,-1.9
2025-03-11 10:45:00,5081.0,5082.0,5072.0,5080.0,17805,1124020,,5082.65,5095.03,5106.2,-0.85
2025-03-11 11:00:00,5080.0,5082.0,5067.0,5070.0,25848,1127296,,5081.45,5092.87,5105.48,-1.2
2025-03-11 11:15:00,5069.0,5077.0,5069.0,5076.0,11157,1126638,,5080.7,5090.73,5104.77,-0.75
2025-03-11 11:30:00,5077.0,5093.0,5076.0,5080.0,39485,1123443,,5080.0,5089.23,5104.15,-0.7
2025-03-11 13:45:00,5081.0,5085.0,5074.0,5077.0,24437,1126448,,5079.45,5087.9,5103.5,-0.55
2025-03-11 14:00:00,5076.0,5078.0,5073.0,5078.0,16326,1128209,,5079.6,5086.53,5102.9,0.15
2025-03-11 14:15:00,5078.0,5082.0,5071.0,5076.0,18983,1129256,,5079.3,5085.23,5102.27,-0.3
2025-03-11 14:30:00,5076.0,5077.0,5067.0,5070.0,21136,1131765,,5079.0,5083.63,5101.43,-0.3
2025-03-11 14:45:00,5070.0,5078.0,5065.0,5067.0,27378,1134751,,5078.25,5082.07,5100.52,-0.75
2025-03-11 15:00:00,5067.0,5070.0,5054.0,5060.0,49429,1140073,,5076.9,5080.13,5099.72,-1.35
2025-03-11 21:15:00,5069.0,5073.0,5055.0,5072.0,69656,1150832,,5076.45,5079.3,5099.07,-0.45
2025-03-11 21:30:00,5072.0,5072.0,5065.0,5069.0,27654,1152800,,5075.55,5078.47,5098.27,-0.9
2025-03-11 21:45:00,5069.0,5081.0,5067.0,5079.0,38181,1154349,,5075.0,5078.07,5097.62,-0.55
2025-03-11 22:00:00,5080.0,5080.0,5074.0,5077.0,17510,1154048,,5074.45,5077.5,5096.85,-0.55
2025-03-11 22:15:00,5077.0,5079.0,5069.0,5071.0,26501,1157453,,5073.8,5076.93,5095.9,-0.65
2025-03-11 22:30:00,5070.0,5072.0,5035.0,5037.0,82766,1172627,,5072.3,5075.67,5094.43,-1.5
2025-03-11 22:45:00,5041.0,5046.0,5014.0,5021.0,142395,1205226,,5069.85,5073.63,5092.68,-2.45
2025-03-11 23:00:00,5021.0,5025.0,5016.0,5021.0,59565,1210141,,5067.2,5071.8,5090.97,-2.65
2025-03-12 09:15:00,5025.0,5033.0,5021.0,5024.0,45187,1209489,,5064.25,5069.87,5089.43,-2.95
2025-03-12 09:30:00,5024.0,5026.0,5017.0,5023.0,29648,1211511,,5061.4,5067.73,5087.87,-2.85
2025-03-12 09:45:00,5024.0,5029.0,5020.0,5024.0,22085,1211729,,5058.6,5065.83,5086.52,-2.8
2025-03-12 10:00:00,5024.0,5028.0,5021.0,5023.0,17293,1210514,,5056.25,5063.7,5085.02,-2.35
2025-03-12 10:15:00,5023.0,5026.0,5005.0,5009.0,56753,1214304,,5052.9,5061.0,5083.32,-3.35
2025-03-12 10:45:00,5009.0,5013.0,5003.0,5007.0,34995,1219887,,5049.25,5058.3,5081.58,-3.65
2025-03-12 11:00:00,5008.0,5015.0,5006.0,5012.0,21200,1220237,,5046.0,5055.9,5079.88,-3.25
2025-03-12 11:15:00,5011.0,5018.0,5009.0,5012.0,22317,1218296,,5042.7,5054.07,5078.22,-3.3
2025-03-12 11:30:00,5011.0,5020.0,5006.0,5019.0,26980,1217957,,5039.85,5052.37,5076.55,-2.85
2025-03-12 13:45:00,5021.0,5023.0,5016.0,5018.0,29506,1217677,,5037.25,5050.5,5074.88,-2.6
2025-03-12 14:00:00,5018.0,5024.0,5016.0,5022.0,16005,1216010,,5035.0,5048.47,5073.23,-2.25
2025-03-12 14:15:00,5022.0,5024.0,5007.0,5010.0,877133,1219464,,5032.5,5046.13,5071.3,-2.5
2025-03-12 14:30:00,5010.0,5012.0,4996.0,5000.0,53211,1227121,,5028.9,5043.47,5069.25,-3.6
2025-03-12 14:45:00,4999.0,5008.0,4998.0,5007.0,29395,1223477,,5025.8,5041.37,5067.12,-3.1
2025-03-12 15:00:00,5007.0,5020.0,5002.0,5018.0,36788,1212299,,5022.75,5039.43,5065.08,-3.05
2025-03-12 21:15:00,5027.0,5032.0,5016.0,5023.0,76086,1214288,,5020.05,5037.53,5063.38,-2.7
2025-03-12 21:30:00,5023.0,5030.0,5020.0,5028.0,25804,1214833,,5017.9,5035.9,5061.9,-2.15
2025-03-12 21:45:00,5028.0,5041.0,5027.0,5028.0,56962,1210905,,5017.45,5034.23,5060.38,-0.45
2025-03-12 22:00:00,5028.0,5030.0,5022.0,5025.0,27767,1214440,,5017.65,5032.53,5058.88,0.2
2025-03-12 22:15:00,5025.0,5026.0,5019.0,5024.0,20096,1214289,,5017.8,5031.0,5057.32,0.15
2025-03-12 22:30:00,5024.0,5026.0,5019.0,5021.0,15084,1215729,,5017.65,5029.47,5055.77,-0.15
2025-03-12 22:45:00,5022.0,5024.0,5015.0,5019.0,24443,1217592,,5017.45,5028.1,5054.12,-0.2
2025-03-12 23:00:00,5019.0,5022.0,5016.0,5017.0,16197,1215631,,5017.1,5026.27,5052.78,-0.35
2025-03-13 09:15:00,5020.0,5024.0,5005.0,5011.0,48130,1222229,,5016.5,5024.33,5051.4,-0.6
2025-03-13 09:30:00,5012.0,5017.0,5010.0,5013.0,16684,1221885,,5016.7,5022.13,5050.1,0.2
2025-03-13 09:45:00,5011.0,5020.0,5010.0,5013.0,25889,1220336,,5017.0,5020.0,5048.75,0.3
2025-03-13 10:00:00,5013.0,5020.0,5011.0,5016.0,16793,1218621,,5017.2,5018.17,5047.55,0.2
2025-03-13 10:15:00,5015.0,5028.0,5014.0,5027.0,26759,1215569,,5017.95,5017.83,5046.75,0.75
2025-03-13 10:45:00,5028.0,5033.0,5024.0,5031.0,33727,1213014,,5018.55,5018.17,5045.9,0.6
2025-03-13 11:00:00,5031.0,5035.0,5024.0,5031.0,25457,1212214,,5019.2,5018.5,5045.15,0.65
2025-03-13 11:15:00,5031.0,5037.0,5029.0,5032.0,31681,1208612,,5019.7,5018.77,5044.32,0.5
2025-03-13 11:30:00,5032.0,5037.0,5021.0,5023.0,25150,1203994,,5020.35,5018.77,5043.25,0.65
2025-03-13 13:45:00,5021.0,5033.0,5016.0,5029.0,15668,1205679,,5021.8,5018.93,5042.38,1.45
2025-03-13 14:00:00,5030.0,5047.0,5028.0,5035.0,26943,1201924,,5023.2,5019.33,5041.52,1.4
2025-03-13 14:15:00,5035.0,5039.0,5031.0,5033.0,18974,1203348,,5023.95,5020.13,5040.57,0.75
2025-03-13 14:30:00,5033.0,5043.0,5032.0,5043.0,32865,1201179,,5024.95,5021.33,5039.82,1.0
2025-03-13 14:45:00,5042.0,5045.0,5037.0,5041.0,28514,1198369,,5025.6,5022.3,5039.1,0.65
2025-03-13 15:00:00,5041.0,5043.0,5034.0,5036.0,29665,1190896,,5026.0,5023.1,5038.58,0.4
2025-03-13 21:15:00,5037.0,5042.0,5027.0,5031.0,46818,1192918,,5026.3,5023.5,5037.93,0.3
2025-03-13 21:30:00,5031.0,5039.0,5028.0,5039.0,22892,1192634,,5027.05,5024.2,5037.35,0.75
2025-03-13 21:45:00,5039.0,5039.0,5023.0,5028.0,37224,1200623,,5027.4,5024.4,5036.43,0.35
2025-03-13 22:00:00,5027.0,5030.0,5024.0,5028.0,15884,1202069,,5027.85,5025.0,5035.57,0.45
2025-03-13 22:15:00,5027.0,5028.0,5020.0,5027.0,27513,1204270,,5028.35,5025.9,5034.68,0.5
2025-03-13 22:30:00,5025.0,5027.0,5022.0,5026.0,12908,1204818,,5029.1,5026.53,5033.95,0.75
2025-03-13 22:45:00,5026.0,5032.0,5020.0,5025.0,24248,1206655,,5029.7,5026.77,5033.1,0.6
2025-03-13 23:00:00,5026.0,5028.0,5021.0,5024.0,16936,1201552,,5030.25,5026.8,5032.17,0.55
2025-03-14 09:15:00,5024.0,5026.0,5013.0,5025.0,34390,1203055,,5030.7,5026.7,5031.3,0.45
2025-03-14 09:30:00,5025.0,5025.0,5018.0,5025.0,14089,1204430,,5030.6,5026.6,5030.42,-0.1
2025-03-14 09:45:00,5024.0,5029.0,5019.0,5024.0,20201,1203429,,5030.25,5026.57,5029.55,-0.35
2025-03-14 10:00:00,5024.0,5027.0,5013.0,5026.0,27253,1206565,,5030.0,5026.63,5028.82,-0.25
2025-03-14 10:15:00,5026.0,5030.0,5020.0,5028.0,18624,1205722,,5029.8,5026.87,5028.17,-0.2
2025-03-14 10:45:00,5027.0,5034.0,5022.0,5023.0,27200,1202800,,5029.8,5027.0,5027.55,0.0
2025-03-14 11:00:00,5022.0,5033.0,5022.0,5033.0,20488,1202810,,5030.0,5027.53,5026.9,0.2
2025-03-14 11:15:00,5032.0,5040.0,5031.0,5038.0,33731,1196269,,5030.15,5028.43,5026.38,0.15
2025-03-14 11:30:00,5037.0,5057.0,5036.0,5052.0,59382,1177709,,5031.1,5029.73,5025.93,0.95
2025-03-14 13:45:00,5053.0,5065.0,5049.0,5060.0,56626,1173983,,5031.95,5031.3,5025.65,0.85
2025-03-14 14:00:00,5062.0,5072.0,5060.0,5069.0,45899,1171959,,5033.35,5033.07,5025.62,1.4
2025-03-14 14:15:00,5070.0,5071.0,5064.0,5065.0,31445,1166704,,5034.8,5034.33,5026.08,1.45
2025-03-14 14:30:00,5065.0,5075.0,5065.0,5070.0,46674,1163567,,5036.75,5035.63,5026.9,1.95
2025-03-14 14:45:00,5070.0,5074.0,5066.0,5067.0,22009,1157848,,5038.15,5036.83,5027.67,1.4
2025-03-14 15:00:00,5066.0,5074.0,5065.0,5068.0,31281,1148891,,5040.15,5038.03,5028.4,2.0
2025-03-14 21:15:00,5070.0,5072.0,5057.0,5062.0,66078,1146913,,5041.85,5039.33,5029.05,1.7
2025-03-14 21:30:00,5063.0,5063.0,5051.0,5055.0,39994,1153656,,5043.25,5040.2,5029.57,1.4
2025-03-14 21:45:00,5056.0,5061.0,5052.0,5054.0,30041,1156115,,5044.65,5040.83,5030.08,1.4
2025-03-14 22:00:00,5053.0,5057.0,5049.0,5054.0,20354,1156235,,5046.1,5041.53,5030.83,1.45
2025-03-14 22:15:00,5053.0,5053.0,5045.0,5047.0,26338,1159635,,5047.25,5041.67,5031.5,1.15
2025-03-14 22:30:00,5048.0,5049.0,5036.0,5036.0,34599,1162638,,5047.8,5041.5,5031.9,0.55
2025-03-14 22:45:00,5036.0,5040.0,5034.0,5039.0,27900,1164409,,5048.5,5041.6,5032.35,0.7
2025-03-14 23:00:00,5040.0,5048.0,5038.0,5046.0,23842,1158388,,5049.6,5042.1,5032.8,1.1
2025-03-17 09:15:00,5053.0,5067.0,5053.0,5063.0,48495,1151568,,5051.45,5042.9,5033.55,1.85
2025-03-17 09:30:00,5063.0,5064.0,5056.0,5058.0,378494,1151179,,5052.95,5043.9,5034.15,1.5
2025-03-17 09:45:00,5059.0,5061.0,5053.0,5058.0,24227,1153685,,5054.7,5044.9,5034.95,1.75
2025-03-17 10:00:00,5059.0,5059.0,5050.0,5051.0,10506,1153466,,5055.6,5045.7,5035.8,0.9
2025-03-17 10:15:00,5051.0,5053.0,5045.0,5049.0,21676,1154775,,5056.15,5046.47,5036.5,0.55
2025-03-17 10:45:00,5050.0,5057.0,5049.0,5055.0,21296,1152383,,5056.3,5047.47,5037.12,0.15
2025-03-17 11:00:00,5055.0,5061.0,5048.0,5060.0,19980,1151118,,5056.3,5048.67,5037.73,0.0
2025-03-17 11:15:00,5059.0,5063.0,5055.0,5057.0,23010,1149729,,5055.7,5049.73,5038.22,-0.6
2025-03-17 11:30:00,5058.0,5060.0,5040.0,5043.0,25198,1147434,,5054.6,5050.33,5038.47,-1.1
2025-03-17 13:45:00,5042.0,5047.0,5037.0,5045.0,29535,1146320,,5053.35,5051.03,5038.8,-1.25
2025-03-17 14:00:00,5046.0,5046.0,5037.0,5041.0,24998,1148183,,5052.05,5051.53,5039.08,-1.3
2025-03-17 14:15:00,5040.0,5047.0,5040.0,5043.0,18876,1147358,,5050.8,5052.03,5039.45,-1.25
2025-03-17 14:30:00,5043.0,5051.0,5040.0,5044.0,16676,1147119,,5049.9,5052.73,5039.87,-0.9
2025-03-17 14:45:00,5045.0,5049.0,5043.0,5046.0,13971,1145754,,5049.45,5053.17,5040.35,-0.45
2025-03-17 15:00:00,5046.0,5069.0,5043.0,5065.0,41482,1134140,,5050.0,5054.07,5041.25,0.55
2025-03-17 21:15:00,5060.0,5060.0,5044.0,5049.0,56584,1140500,,5049.75,5053.97,5041.85,-0.25
2025-03-17 21:30:00,5049.0,5057.0,5047.0,5055.0,19186,1140767,,5050.15,5053.8,5042.55,0.4
2025-03-17 21:45:00,5055.0,5057.0,5045.0,5046.0,21050,1141817,,5050.65,5053.03,5043.05,0.5
2025-03-17 22:00:00,5046.0,5051.0,5043.0,5051.0,17875,1142354,,5051.25,5052.57,5043.45,0.6
2025-03-17 22:15:00,5049.0,5050.0,5046.0,5048.0,10640,1143222,,5051.35,5051.83,5043.73,0.1
2025-03-17 22:30:00,5049.0,5051.0,5037.0,5041.0,23728,1145776,,5050.25,5050.97,5043.9,-1.1
2025-03-17 22:45:00,5040.0,5041.0,5029.0,5038.0,44938,1147991,,5049.25,5049.97,5044.0,-1.0
2025-03-17 23:00:00,5039.0,5043.0,5036.0,5042.0,17979,1142894,,5048.45,5049.3,5044.32,-0.8
2025-03-18 09:15:00,5042.0,5056.0,5042.0,5052.0,40073,1142362,,5048.5,5049.2,5044.7,0.05
2025-03-18 09:30:00,5052.0,5056.0,5048.0,5052.0,19609,1140987,,5048.65,5049.13,5044.98,0.15
2025-03-18 09:45:00,5051.0,5062.0,5048.0,5059.0,28807,1139900,,5048.85,5049.3,5045.42,0.2
2025-03-18 10:00:00,5059.0,5061.0,5052.0,5054.0,17272,1137073,,5048.55,5049.53,5045.6,-0.3
2025-03-18 10:15:00,5053.0,5062.0,5053.0,5060.0,17789,1135143,,5048.7,5050.33,5045.92,0.15
2025-03-18 10:45:00,5059.0,5060.0,5054.0,5056.0,13454,1134390,,5049.35,5050.9,5046.25,0.65
2025-03-18 11:00:00,5056.0,5066.0,5055.0,5059.0,29467,1132580,,5050.05,5051.33,5046.72,0.7
2025-03-18 11:15:00,5060.0,5061.0,5054.0,5057.0,19697,1131496,,5050.85,5051.13,5047.02,0.8
2025-03-18 11:30:00,5056.0,5059.0,5038.0,5039.0,31483,1131809,,5050.65,5050.5,5047.2,-0.2
2025-03-18 13:45:00,5037.0,5038.0,5025.0,5030.0,68153,1141543,,5049.95,5049.57,5047.23,-0.7
2025-03-18 14:00:00,5030.0,5031.0,5018.0,5022.0,51688,1149054,,5048.75,5048.6,5047.15,-1.2
2025-03-18 14:15:00,5021.0,5022.0,5008.0,5011.0,40202,1152801,,5046.05,5047.33,5046.9,-2.7
2025-03-18 14:30:00,5011.0,5018.0,5010.0,5018.0,38536,1152488,,5044.5,5046.1,5046.78,-1.55
2025-03-18 14:45:00,5017.0,5017.0,5009.0,5014.0,26682,1156418,,5042.45,5044.57,5046.62,-2.05
2025-03-18 15:00:00,5014.0,5020.0,5006.0,5007.0,41857,1157391,,5040.5,5042.9,5046.32,-1.95
2025-03-18 21:15:00,5011.0,5015.0,4994.0,5002.0,100018,1169467,,5038.05,5041.53,5045.93,-2.45
2025-03-18 21:30:00,5002.0,5012.0,5002.0,5011.0,36747,1171891,,5036.2,5040.4,5045.72,-1.85
2025-03-18 21:45:00,5011.0,5013.0,5004.0,5005.0,23843,1171375,,5034.4,5039.2,5045.37,-1.8
2025-03-18 22:00:00,5005.0,5011.0,5004.0,5008.0,14235,1171277,,5032.9,5038.03,5045.03,-1.5
2025-03-18 22:15:00,5008.0,5011.0,5005.0,5011.0,15688,1169093,,5031.35,5036.93,5044.83,-1.55
2025-03-18 22:30:00,5011.0,5020.0,5007.0,5016.0,32652,1162245,,5029.55,5035.93,5044.55,-1.8
2025-03-18 22:45:00,5016.0,5018.0,5010.0,5015.0,17237,1159733,,5027.7,5034.27,5044.17,-1.85
2025-03-18 23:00:00,5016.0,5017.0,5009.0,5016.0,16374,1155236,,5025.55,5033.17,5043.57,-2.15
2025-03-19 09:15:00,5012.0,5015.0,5001.0,5013.0,35616,1155854,,5023.5,5031.77,5042.78,-2.05
2025-03-19 09:30:00,5013.0,5023.0,5012.0,5018.0,29499,1151670,,5021.4,5030.83,5041.93,-2.1
2025-03-19 09:45:00,5017.0,5020.0,5015.0,5018.0,15399,1150875,,5019.5,5029.73,5041.15,-1.9
2025-03-19 10:00:00,5017.0,5019.0,5006.0,5007.0,23386,1150342,,5016.9,5028.37,5040.1,-2.6
2025-03-19 10:15:00,5006.0,5016.0,5003.0,5006.0,24426,1152196,,5014.35,5027.2,5039.08,-2.55
2025-03-19 10:45:00,5006.0,5012.0,5004.0,5007.0,15530,1152211,,5012.75,5026.17,5038.07,-1.6
2025-03-19 11:00:00,5007.0,5012.0,5007.0,5009.0,13226,1152069,,5011.7,5025.07,5037.18,-1.05
2025-03-19 11:15:00,5010.0,5016.0,5005.0,5011.0,21661,1152044,,5011.15,5023.7,5036.45,-0.55
2025-03-19 11:30:00,5011.0,5020.0,5002.0,5012.0,479282,1149654,,5011.2,5022.37,5035.75,0.05
2025-03-19 13:45:00,5012.0,5026.0,5007.0,5021.0,46831,1142255,,5011.35,5021.1,5035.2,0.15
2025-03-19 14:00:00,5020.0,5030.0,5020.0,5029.0,40522,1132183,,5012.1,5020.27,5034.9,0.75
2025-03-19 14:15:00,5030.0,5032.0,5024.0,5027.0,29115,1129758,,5013.1,5019.17,5034.75,1.0
2025-03-19 14:30:00,5028.0,5028.0,5020.0,5025.0,19148,1127250,,5014.25,5018.13,5034.52,1.15
2025-03-19 14:45:00,5025.0,5029.0,5022.0,5027.0,20137,1127411,,5015.05,5017.07,5034.2,0.8
2025-03-19 15:00:00,5028.0,5029.0,5022.0,5026.0,21418,1121743,,5016.1,5016.03,5033.58,1.05
